review_id,pr_number,repository,reviewer,review_date,status,comments_count,review_time_minutes,sprint_number
1,1,phoenix-customer-platform,david.kumar,2024-01-10 05:00:00,changes_requested,8,59,1
2,1,phoenix-customer-platform,david.kumar,2024-01-10 01:00:00,approved,4,63,1
3,2,phoenix-mobile-api,james.taylor,2024-01-09 04:00:00,approved,2,78,1
4,3,phoenix-shared-components,ana.lopez,2024-01-11 02:00:00,approved,2,71,1
5,3,phoenix-shared-components,david.kumar,2024-01-11 01:00:00,approved,2,62,1
6,3,phoenix-shared-components,tom.garcia,2024-01-11 04:00:00,approved,8,25,1
7,4,phoenix-customer-platform,james.taylor,2024-01-06 06:00:00,changes_requested,5,85,1
8,4,phoenix-customer-platform,ana.lopez,2024-01-06 01:00:00,changes_requested,5,32,1
9,4,phoenix-customer-platform,david.kumar,2024-01-06 03:00:00,changes_requested,3,59,1
10,5,phoenix-mobile-api,ana.lopez,2024-01-07 05:00:00,approved,5,68,1
11,5,phoenix-mobile-api,ana.lopez,2024-01-07 02:00:00,approved,4,83,1
12,5,phoenix-mobile-api,ana.lopez,2024-01-07 06:00:00,approved,1,38,1
13,6,phoenix-auth-service,david.kumar,2024-01-03 04:00:00,approved,3,37,1
14,7,phoenix-web-frontend,david.kumar,2024-01-11 04:00:00,approved,8,90,1
15,7,phoenix-web-frontend,ana.lopez,2024-01-11 04:00:00,approved,3,23,1
16,7,phoenix-web-frontend,james.taylor,2024-01-11 05:00:00,approved,0,59,1
17,8,phoenix-auth-service,james.taylor,2024-01-13 05:00:00,approved,5,52,1
18,9,phoenix-mobile-api,james.taylor,2024-01-08 01:00:00,approved,1,89,1
19,9,phoenix-mobile-api,ana.lopez,2024-01-08 02:00:00,changes_requested,8,76,1
20,9,phoenix-mobile-api,ana.lopez,2024-01-08 01:00:00,changes_requested,4,88,1
21,10,phoenix-customer-platform,tom.garcia,2024-01-09 04:00:00,approved,8,84,1
22,10,phoenix-customer-platform,david.kumar,2024-01-09 04:00:00,approved,8,59,1
23,10,phoenix-customer-platform,tom.garcia,2024-01-09 02:00:00,approved,2,88,1
24,11,phoenix-customer-platform,james.taylor,2024-01-01 04:00:00,changes_requested,3,79,1
25,12,phoenix-mobile-api,tom.garcia,2024-01-04 04:00:00,changes_requested,5,64,1
26,12,phoenix-mobile-api,tom.garcia,2024-01-04 05:00:00,changes_requested,3,26,1
27,13,phoenix-auth-service,tom.garcia,2024-01-04 04:00:00,changes_requested,8,56,1
28,13,phoenix-auth-service,ana.lopez,2024-01-04 01:00:00,changes_requested,7,24,1
29,14,phoenix-shared-components,david.kumar,2024-01-09 05:00:00,approved,6,22,1
30,14,phoenix-shared-components,david.kumar,2024-01-09 04:00:00,approved,3,10,1
31,14,phoenix-shared-components,ana.lopez,2024-01-09 04:00:00,changes_requested,5,84,1
32,15,phoenix-auth-service,james.taylor,2024-01-11 01:00:00,approved,0,57,1
33,15,phoenix-auth-service,james.taylor,2024-01-11 01:00:00,approved,4,31,1
34,15,phoenix-auth-service,david.kumar,2024-01-11 02:00:00,approved,2,13,1
35,16,phoenix-shared-components,david.kumar,2024-01-04 02:00:00,changes_requested,4,65,1
36,17,phoenix-web-frontend,james.taylor,2024-01-07 03:00:00,changes_requested,7,81,1
37,18,phoenix-billing-service,james.taylor,2024-01-10 04:00:00,approved,1,55,1
38,18,phoenix-billing-service,james.taylor,2024-01-10 01:00:00,approved,3,35,1
39,19,phoenix-web-frontend,tom.garcia,2024-01-03 02:00:00,approved,2,76,1
40,19,phoenix-web-frontend,ana.lopez,2024-01-03 01:00:00,approved,7,33,1
41,19,phoenix-web-frontend,james.taylor,2024-01-03 01:00:00,changes_requested,8,83,1
42,20,phoenix-customer-platform,ana.lopez,2024-01-09 04:00:00,approved,4,66,1
43,20,phoenix-customer-platform,tom.garcia,2024-01-09 03:00:00,approved,4,68,1
44,20,phoenix-customer-platform,david.kumar,2024-01-09 03:00:00,approved,3,89,1
45,21,phoenix-web-frontend,tom.garcia,2024-01-06 03:00:00,approved,1,51,1
46,22,phoenix-billing-service,james.taylor,2024-01-03 04:00:00,changes_requested,6,70,1
47,23,phoenix-customer-platform,james.taylor,2024-01-13 05:00:00,approved,0,64,1
48,24,phoenix-web-frontend,ana.lopez,2024-01-09 01:00:00,approved,7,15,1
49,24,phoenix-web-frontend,david.kumar,2024-01-09 01:00:00,approved,2,70,1
50,25,phoenix-auth-service,james.taylor,2024-01-08 04:00:00,approved,0,16,1
51,25,phoenix-auth-service,tom.garcia,2024-01-08 02:00:00,approved,7,65,1
52,26,phoenix-mobile-api,tom.garcia,2024-01-09 02:00:00,approved,3,53,1
53,26,phoenix-mobile-api,ana.lopez,2024-01-09 02:00:00,changes_requested,6,22,1
54,27,phoenix-auth-service,ana.lopez,2024-01-10 03:00:00,approved,5,90,1
55,28,phoenix-customer-platform,david.kumar,2024-01-12 01:00:00,approved,4,83,1
56,29,phoenix-web-frontend,david.kumar,2024-01-09 01:00:00,approved,2,61,1
57,29,phoenix-web-frontend,ana.lopez,2024-01-09 03:00:00,changes_requested,4,22,1
58,30,phoenix-billing-service,ana.lopez,2024-01-01 03:00:00,approved,6,63,1
59,30,phoenix-billing-service,ana.lopez,2024-01-01 05:00:00,approved,0,86,1
60,31,phoenix-mobile-api,david.kumar,2024-01-02 04:00:00,changes_requested,6,57,1
61,31,phoenix-mobile-api,james.taylor,2024-01-02 04:00:00,approved,7,22,1
62,31,phoenix-mobile-api,tom.garcia,2024-01-02 02:00:00,approved,1,22,1
63,32,phoenix-billing-service,tom.garcia,2024-01-12 02:00:00,changes_requested,4,67,1
64,32,phoenix-billing-service,david.kumar,2024-01-12 05:00:00,approved,8,63,1
65,33,phoenix-auth-service,david.kumar,2024-01-22 03:00:00,changes_requested,8,19,2
66,33,phoenix-auth-service,david.kumar,2024-01-22 05:00:00,changes_requested,2,22,2
67,33,phoenix-auth-service,david.kumar,2024-01-22 04:00:00,changes_requested,4,79,2
68,34,phoenix-customer-platform,david.kumar,2024-01-22 04:00:00,changes_requested,6,75,2
69,34,phoenix-customer-platform,ana.lopez,2024-01-22 05:00:00,approved,0,86,2
70,34,phoenix-customer-platform,david.kumar,2024-01-22 02:00:00,changes_requested,5,89,2
71,35,phoenix-auth-service,ana.lopez,2024-01-23 02:00:00,approved,2,73,2
72,36,phoenix-shared-components,david.kumar,2024-01-23 06:00:00,changes_requested,7,37,2
73,36,phoenix-shared-components,james.taylor,2024-01-23 03:00:00,approved,2,67,2
74,37,phoenix-shared-components,david.kumar,2024-01-20 02:00:00,changes_requested,5,35,2
75,37,phoenix-shared-components,david.kumar,2024-01-20 01:00:00,approved,1,21,2
76,37,phoenix-shared-components,ana.lopez,2024-01-20 02:00:00,changes_requested,8,88,2
77,38,phoenix-billing-service,ana.lopez,2024-01-23 01:00:00,approved,1,27,2
78,38,phoenix-billing-service,tom.garcia,2024-01-23 02:00:00,approved,0,80,2
79,39,phoenix-shared-components,ana.lopez,2024-01-23 07:00:00,approved,7,38,2
80,39,phoenix-shared-components,ana.lopez,2024-01-23 08:00:00,approved,6,48,2
81,40,phoenix-shared-components,david.kumar,2024-01-19 01:00:00,approved,1,46,2
82,41,phoenix-shared-components,ana.lopez,2024-01-24 03:00:00,approved,1,38,2
83,41,phoenix-shared-components,david.kumar,2024-01-24 06:00:00,changes_requested,7,23,2
84,42,phoenix-auth-service,ana.lopez,2024-01-24 01:00:00,approved,3,32,2
85,42,phoenix-auth-service,ana.lopez,2024-01-24 02:00:00,changes_requested,7,83,2
86,43,phoenix-customer-platform,ana.lopez,2024-01-16 04:00:00,approved,2,61,2
87,44,phoenix-auth-service,tom.garcia,2024-01-21 05:00:00,approved,4,14,2
88,45,phoenix-web-frontend,ana.lopez,2024-01-25 07:00:00,approved,4,67,2
89,46,phoenix-billing-service,tom.garcia,2024-01-15 04:00:00,changes_requested,5,52,2
90,47,phoenix-billing-service,david.kumar,2024-01-15 04:00:00,approved,0,59,2
91,47,phoenix-billing-service,tom.garcia,2024-01-15 01:00:00,approved,2,23,2
92,48,phoenix-web-frontend,david.kumar,2024-01-26 03:00:00,approved,6,15,2
93,48,phoenix-web-frontend,james.taylor,2024-01-26 03:00:00,approved,8,36,2
94,49,phoenix-shared-components,tom.garcia,2024-01-26 05:00:00,approved,8,37,2
95,49,phoenix-shared-components,james.taylor,2024-01-26 07:00:00,approved,1,31,2
96,50,phoenix-billing-service,ana.lopez,2024-01-17 02:00:00,changes_requested,3,34,2
97,50,phoenix-billing-service,ana.lopez,2024-01-17 03:00:00,changes_requested,6,24,2
98,50,phoenix-billing-service,james.taylor,2024-01-17 06:00:00,changes_requested,3,52,2
99,51,phoenix-billing-service,ana.lopez,2024-01-15 04:00:00,approved,3,58,2
100,51,phoenix-billing-service,tom.garcia,2024-01-15 02:00:00,approved,5,47,2
101,51,phoenix-billing-service,james.taylor,2024-01-15 04:00:00,approved,1,60,2
102,52,phoenix-mobile-api,tom.garcia,2024-01-17 03:00:00,changes_requested,2,87,2
103,52,phoenix-mobile-api,ana.lopez,2024-01-17 06:00:00,approved,0,25,2
104,52,phoenix-mobile-api,tom.garcia,2024-01-17 01:00:00,changes_requested,6,37,2
105,53,phoenix-web-frontend,tom.garcia,2024-01-24 01:00:00,changes_requested,8,70,2
106,54,phoenix-customer-platform,james.taylor,2024-01-22 06:00:00,approved,5,37,2
107,54,phoenix-customer-platform,ana.lopez,2024-01-22 01:00:00,approved,8,87,2
108,54,phoenix-customer-platform,david.kumar,2024-01-22 06:00:00,approved,8,11,2
109,55,phoenix-web-frontend,david.kumar,2024-01-15 02:00:00,changes_requested,7,90,2
110,55,phoenix-web-frontend,david.kumar,2024-01-15 03:00:00,changes_requested,5,55,2
111,56,phoenix-auth-service,ana.lopez,2024-01-17 01:00:00,approved,1,51,2
112,56,phoenix-auth-service,ana.lopez,2024-01-17 03:00:00,approved,8,59,2
113,57,phoenix-billing-service,david.kumar,2024-01-19 03:00:00,changes_requested,8,75,2
114,57,phoenix-billing-service,james.taylor,2024-01-19 03:00:00,changes_requested,8,45,2
115,57,phoenix-billing-service,david.kumar,2024-01-19 04:00:00,changes_requested,8,84,2
116,58,phoenix-mobile-api,james.taylor,2024-01-26 06:00:00,approved,4,54,2
117,59,phoenix-shared-components,tom.garcia,2024-01-23 01:00:00,approved,2,83,2
118,59,phoenix-shared-components,david.kumar,2024-01-23 02:00:00,approved,1,69,2
119,59,phoenix-shared-components,james.taylor,2024-01-23 02:00:00,approved,6,52,2
120,60,phoenix-auth-service,david.kumar,2024-01-17 02:00:00,approved,0,36,2
121,61,phoenix-auth-service,james.taylor,2024-01-18 04:00:00,approved,4,82,2
122,62,phoenix-shared-components,tom.garcia,2024-01-27 03:00:00,approved,4,28,2
123,62,phoenix-shared-components,james.taylor,2024-01-27 01:00:00,approved,0,57,2
124,63,phoenix-customer-platform,david.kumar,2024-01-25 03:00:00,changes_requested,6,12,2
125,64,phoenix-web-frontend,david.kumar,2024-01-22 04:00:00,approved,4,27,2
126,64,phoenix-web-frontend,david.kumar,2024-01-22 02:00:00,approved,2,51,2
127,65,phoenix-web-frontend,james.taylor,2024-01-29 03:00:00,changes_requested,6,11,3
128,65,phoenix-web-frontend,tom.garcia,2024-01-29 03:00:00,approved,2,19,3
129,66,phoenix-customer-platform,david.kumar,2024-02-07 04:00:00,approved,0,10,3
130,67,phoenix-customer-platform,david.kumar,2024-02-08 02:00:00,approved,1,84,3
131,67,phoenix-customer-platform,james.taylor,2024-02-08 02:00:00,changes_requested,6,22,3
132,68,phoenix-customer-platform,tom.garcia,2024-01-29 06:00:00,approved,1,11,3
133,68,phoenix-customer-platform,tom.garcia,2024-01-29 02:00:00,approved,0,17,3
134,68,phoenix-customer-platform,tom.garcia,2024-01-29 01:00:00,changes_requested,3,11,3
135,69,phoenix-billing-service,ana.lopez,2024-02-06 01:00:00,changes_requested,2,81,3
136,69,phoenix-billing-service,ana.lopez,2024-02-06 07:00:00,approved,2,36,3
137,70,phoenix-shared-components,ana.lopez,2024-02-06 02:00:00,changes_requested,4,56,3
138,70,phoenix-shared-components,david.kumar,2024-02-06 01:00:00,changes_requested,2,40,3
139,70,phoenix-shared-components,david.kumar,2024-02-06 02:00:00,changes_requested,5,64,3
140,71,phoenix-shared-components,ana.lopez,2024-02-08 06:00:00,approved,5,58,3
141,71,phoenix-shared-components,david.kumar,2024-02-08 04:00:00,approved,0,14,3
142,72,phoenix-customer-platform,ana.lopez,2024-02-01 05:00:00,approved,1,74,3
143,72,phoenix-customer-platform,ana.lopez,2024-02-01 02:00:00,approved,6,77,3
144,72,phoenix-customer-platform,james.taylor,2024-02-01 07:00:00,changes_requested,8,58,3
145,73,phoenix-auth-service,james.taylor,2024-02-01 01:00:00,approved,2,30,3
146,74,phoenix-web-frontend,tom.garcia,2024-01-29 10:00:00,changes_requested,8,69,3
147,74,phoenix-web-frontend,tom.garcia,2024-01-29 02:00:00,changes_requested,7,45,3
148,75,phoenix-shared-components,ana.lopez,2024-01-30 07:00:00,approved,8,40,3
149,76,phoenix-customer-platform,ana.lopez,2024-02-07 06:00:00,changes_requested,5,90,3
150,77,phoenix-auth-service,tom.garcia,2024-01-29 06:00:00,changes_requested,7,37,3
151,77,phoenix-auth-service,david.kumar,2024-01-29 02:00:00,approved,4,87,3
152,77,phoenix-auth-service,david.kumar,2024-01-29 06:00:00,approved,3,49,3
153,78,phoenix-web-frontend,ana.lopez,2024-02-06 02:00:00,changes_requested,7,61,3
154,79,phoenix-customer-platform,ana.lopez,2024-02-03 04:00:00,changes_requested,3,42,3
155,80,phoenix-web-frontend,david.kumar,2024-01-30 06:00:00,approved,1,89,3
156,80,phoenix-web-frontend,ana.lopez,2024-01-30 09:00:00,changes_requested,2,84,3
157,81,phoenix-web-frontend,tom.garcia,2024-02-08 05:00:00,approved,2,76,3
158,82,phoenix-billing-service,david.kumar,2024-02-10 02:00:00,approved,2,16,3
159,82,phoenix-billing-service,david.kumar,2024-02-10 03:00:00,approved,0,20,3
160,82,phoenix-billing-service,ana.lopez,2024-02-10 04:00:00,approved,5,48,3
161,83,phoenix-billing-service,ana.lopez,2024-02-08 01:00:00,approved,4,46,3
162,83,phoenix-billing-service,tom.garcia,2024-02-08 06:00:00,changes_requested,4,29,3
163,83,phoenix-billing-service,james.taylor,2024-02-08 01:00:00,approved,0,42,3
164,84,phoenix-billing-service,tom.garcia,2024-01-29 02:00:00,approved,7,66,3
165,84,phoenix-billing-service,david.kumar,2024-01-29 03:00:00,changes_requested,5,11,3
166,85,phoenix-billing-service,james.taylor,2024-02-09 04:00:00,changes_requested,3,77,3
167,85,phoenix-billing-service,tom.garcia,2024-02-09 08:00:00,changes_requested,5,87,3
168,86,phoenix-billing-service,ana.lopez,2024-02-07 04:00:00,approved,0,49,3
169,87,phoenix-billing-service,tom.garcia,2024-01-29 05:00:00,changes_requested,6,19,3
170,87,phoenix-billing-service,tom.garcia,2024-01-29 09:00:00,changes_requested,7,23,3
171,87,phoenix-billing-service,tom.garcia,2024-01-29 09:00:00,approved,2,45,3
172,88,phoenix-auth-service,james.taylor,2024-02-04 05:00:00,approved,2,69,3
173,88,phoenix-auth-service,ana.lopez,2024-02-04 05:00:00,changes_requested,8,74,3
174,88,phoenix-auth-service,tom.garcia,2024-02-04 05:00:00,approved,8,62,3
175,89,phoenix-web-frontend,david.kumar,2024-01-31 02:00:00,approved,1,61,3
176,89,phoenix-web-frontend,david.kumar,2024-01-31 06:00:00,changes_requested,2,70,3
177,89,phoenix-web-frontend,tom.garcia,2024-01-31 02:00:00,changes_requested,6,74,3
178,90,phoenix-auth-service,james.taylor,2024-02-10 01:00:00,approved,8,45,3
179,90,phoenix-auth-service,ana.lopez,2024-02-10 01:00:00,approved,1,54,3
180,91,phoenix-shared-components,james.taylor,2024-01-29 02:00:00,changes_requested,8,50,3
181,91,phoenix-shared-components,tom.garcia,2024-01-29 02:00:00,approved,4,55,3
182,92,phoenix-shared-components,david.kumar,2024-02-07 04:00:00,changes_requested,8,69,3
183,93,phoenix-web-frontend,tom.garcia,2024-02-03 02:00:00,changes_requested,6,27,3
184,93,phoenix-web-frontend,tom.garcia,2024-02-03 03:00:00,changes_requested,3,26,3
185,94,phoenix-mobile-api,david.kumar,2024-02-05 04:00:00,approved,3,36,3
186,94,phoenix-mobile-api,tom.garcia,2024-02-05 05:00:00,approved,5,35,3
187,95,phoenix-mobile-api,ana.lopez,2024-02-03 02:00:00,approved,2,85,3
188,95,phoenix-mobile-api,david.kumar,2024-02-03 03:00:00,changes_requested,8,38,3
189,96,phoenix-shared-components,ana.lopez,2024-02-07 10:00:00,approved,0,47,3
190,96,phoenix-shared-components,david.kumar,2024-02-07 06:00:00,approved,0,45,3
191,96,phoenix-shared-components,ana.lopez,2024-02-07 02:00:00,approved,0,61,3
192,97,phoenix-billing-service,james.taylor,2024-02-10 07:00:00,approved,6,84,3
193,97,phoenix-billing-service,ana.lopez,2024-02-10 10:00:00,approved,4,84,3
194,97,phoenix-billing-service,david.kumar,2024-02-10 06:00:00,approved,2,75,3
195,98,phoenix-mobile-api,tom.garcia,2024-02-07 03:00:00,approved,1,17,3
196,99,phoenix-mobile-api,tom.garcia,2024-02-04 01:00:00,changes_requested,7,61,3
197,100,phoenix-web-frontend,david.kumar,2024-02-08 03:00:00,approved,2,33,3
198,100,phoenix-web-frontend,david.kumar,2024-02-08 05:00:00,changes_requested,6,54,3
199,100,phoenix-web-frontend,james.taylor,2024-02-08 10:00:00,changes_requested,2,80,3
200,101,phoenix-customer-platform,tom.garcia,2024-02-17 05:00:00,approved,2,34,4
201,102,phoenix-auth-service,tom.garcia,2024-02-23 01:00:00,approved,6,38,4
202,102,phoenix-auth-service,ana.lopez,2024-02-23 04:00:00,approved,1,46,4
203,103,phoenix-billing-service,tom.garcia,2024-02-23 05:00:00,approved,4,16,4
204,103,phoenix-billing-service,tom.garcia,2024-02-23 05:00:00,changes_requested,5,80,4
205,103,phoenix-billing-service,ana.lopez,2024-02-23 06:00:00,approved,1,18,4
206,104,phoenix-mobile-api,ana.lopez,2024-02-13 06:00:00,approved,7,62,4
207,105,phoenix-auth-service,james.taylor,2024-02-15 07:00:00,changes_requested,2,66,4
208,106,phoenix-customer-platform,james.taylor,2024-02-14 04:00:00,approved,8,70,4
209,106,phoenix-customer-platform,tom.garcia,2024-02-14 04:00:00,approved,1,90,4
210,106,phoenix-customer-platform,james.taylor,2024-02-14 02:00:00,approved,4,29,4
211,107,phoenix-customer-platform,james.taylor,2024-02-14 08:00:00,approved,2,27,4
212,107,phoenix-customer-platform,ana.lopez,2024-02-14 04:00:00,changes_requested,8,89,4
213,108,phoenix-billing-service,ana.lopez,2024-02-21 07:00:00,approved,0,23,4
214,108,phoenix-billing-service,ana.lopez,2024-02-21 05:00:00,approved,2,60,4
215,108,phoenix-billing-service,ana.lopez,2024-02-21 09:00:00,changes_requested,7,35,4
216,109,phoenix-shared-components,ana.lopez,2024-02-21 05:00:00,approved,0,81,4
217,109,phoenix-shared-components,tom.garcia,2024-02-21 07:00:00,approved,1,23,4
218,109,phoenix-shared-components,ana.lopez,2024-02-21 06:00:00,changes_requested,6,54,4
219,110,phoenix-auth-service,ana.lopez,2024-02-16 08:00:00,approved,8,53,4
220,110,phoenix-auth-service,ana.lopez,2024-02-16 07:00:00,approved,2,86,4
221,110,phoenix-auth-service,tom.garcia,2024-02-16 03:00:00,changes_requested,4,20,4
222,111,phoenix-billing-service,david.kumar,2024-02-13 03:00:00,approved,2,39,4
223,112,phoenix-customer-platform,james.taylor,2024-02-21 07:00:00,changes_requested,2,90,4
224,113,phoenix-auth-service,tom.garcia,2024-02-14 08:00:00,changes_requested,8,60,4
225,113,phoenix-auth-service,ana.lopez,2024-02-14 08:00:00,approved,1,56,4
226,113,phoenix-auth-service,ana.lopez,2024-02-14 07:00:00,changes_requested,8,23,4
227,114,phoenix-auth-service,david.kumar,2024-02-12 11:00:00,approved,1,39,4
228,114,phoenix-auth-service,ana.lopez,2024-02-12 01:00:00,changes_requested,2,90,4
229,114,phoenix-auth-service,ana.lopez,2024-02-12 02:00:00,changes_requested,5,63,4
230,115,phoenix-auth-service,ana.lopez,2024-02-19 05:00:00,approved,2,25,4
231,116,phoenix-auth-service,james.taylor,2024-02-16 02:00:00,approved,0,65,4
232,117,phoenix-billing-service,tom.garcia,2024-02-13 04:00:00,approved,0,68,4
233,117,phoenix-billing-service,ana.lopez,2024-02-13 02:00:00,approved,8,58,4
234,117,phoenix-billing-service,david.kumar,2024-02-13 04:00:00,changes_requested,6,76,4
235,118,phoenix-shared-components,ana.lopez,2024-02-19 02:00:00,approved,6,26,4
236,119,phoenix-billing-service,david.kumar,2024-02-17 04:00:00,changes_requested,7,30,4
237,120,phoenix-auth-service,james.taylor,2024-02-13 02:00:00,approved,1,84,4
238,120,phoenix-auth-service,david.kumar,2024-02-13 05:00:00,approved,1,11,4
239,121,phoenix-web-frontend,tom.garcia,2024-02-23 02:00:00,approved,2,42,4
240,122,phoenix-customer-platform,ana.lopez,2024-02-12 05:00:00,changes_requested,8,45,4
241,122,phoenix-customer-platform,james.taylor,2024-02-12 01:00:00,changes_requested,2,15,4
242,122,phoenix-customer-platform,david.kumar,2024-02-12 07:00:00,changes_requested,7,54,4
243,123,phoenix-web-frontend,ana.lopez,2024-02-13 02:00:00,changes_requested,4,57,4
244,124,phoenix-auth-service,ana.lopez,2024-02-18 07:00:00,changes_requested,8,89,4
245,124,phoenix-auth-service,david.kumar,2024-02-18 03:00:00,approved,3,12,4
246,125,phoenix-web-frontend,ana.lopez,2024-02-14 08:00:00,approved,4,48,4
247,125,phoenix-web-frontend,ana.lopez,2024-02-14 03:00:00,approved,2,36,4
248,126,phoenix-mobile-api,david.kumar,2024-02-12 01:00:00,approved,2,80,4
249,126,phoenix-mobile-api,tom.garcia,2024-02-12 02:00:00,approved,5,45,4
250,127,phoenix-customer-platform,tom.garcia,2024-02-14 07:00:00,approved,5,81,4
251,127,phoenix-customer-platform,david.kumar,2024-02-14 08:00:00,approved,3,20,4
252,127,phoenix-customer-platform,tom.garcia,2024-02-14 08:00:00,approved,3,43,4
253,128,phoenix-auth-service,ana.lopez,2024-02-12 09:00:00,changes_requested,5,87,4
254,128,phoenix-auth-service,david.kumar,2024-02-12 12:00:00,approved,2,22,4
255,129,phoenix-auth-service,james.taylor,2024-02-16 07:00:00,approved,8,38,4
256,129,phoenix-auth-service,ana.lopez,2024-02-16 07:00:00,approved,0,29,4
257,130,phoenix-billing-service,james.taylor,2024-02-21 02:00:00,approved,0,22,4
258,131,phoenix-web-frontend,david.kumar,2024-02-17 03:00:00,changes_requested,6,40,4
259,132,phoenix-billing-service,ana.lopez,2024-02-21 08:00:00,approved,4,44,4
260,132,phoenix-billing-service,james.taylor,2024-02-21 01:00:00,approved,2,28,4
261,132,phoenix-billing-service,ana.lopez,2024-02-21 08:00:00,changes_requested,7,82,4
262,133,phoenix-shared-components,ana.lopez,2024-02-14 04:00:00,approved,4,69,4
263,133,phoenix-shared-components,ana.lopez,2024-02-14 07:00:00,approved,5,86,4
264,133,phoenix-shared-components,ana.lopez,2024-02-14 03:00:00,approved,3,84,4
265,134,phoenix-shared-components,ana.lopez,2024-02-19 06:00:00,changes_requested,7,59,4
266,135,phoenix-billing-service,david.kumar,2024-02-13 04:00:00,changes_requested,2,53,4
267,136,phoenix-customer-platform,david.kumar,2024-02-23 04:00:00,changes_requested,7,14,4
268,136,phoenix-customer-platform,ana.lopez,2024-02-23 01:00:00,approved,2,38,4
269,136,phoenix-customer-platform,tom.garcia,2024-02-23 01:00:00,changes_requested,4,90,4
270,137,phoenix-shared-components,david.kumar,2024-02-24 07:00:00,approved,1,33,4
271,137,phoenix-shared-components,david.kumar,2024-02-24 04:00:00,approved,3,21,4
272,137,phoenix-shared-components,ana.lopez,2024-02-24 01:00:00,approved,0,71,4
273,138,phoenix-customer-platform,tom.garcia,2024-02-23 02:00:00,approved,1,60,4
274,139,phoenix-billing-service,james.taylor,2024-02-20 08:00:00,approved,0,45,4
275,139,phoenix-billing-service,david.kumar,2024-02-20 03:00:00,approved,4,41,4
276,140,phoenix-web-frontend,ana.lopez,2024-02-18 01:00:00,changes_requested,7,84,4
277,140,phoenix-web-frontend,tom.garcia,2024-02-18 02:00:00,approved,6,44,4
278,140,phoenix-web-frontend,ana.lopez,2024-02-18 03:00:00,changes_requested,7,65,4
279,141,phoenix-shared-components,ana.lopez,2024-02-20 10:00:00,approved,7,27,4
280,142,phoenix-billing-service,james.taylor,2024-02-14 04:00:00,approved,2,45,4
281,143,phoenix-customer-platform,james.taylor,2024-02-23 02:00:00,approved,7,54,4
282,143,phoenix-customer-platform,ana.lopez,2024-02-23 02:00:00,approved,3,24,4
283,143,phoenix-customer-platform,james.taylor,2024-02-23 03:00:00,approved,5,54,4
284,144,phoenix-customer-platform,tom.garcia,2024-02-16 01:00:00,changes_requested,2,24,4
285,145,phoenix-customer-platform,david.kumar,2024-02-16 08:00:00,approved,0,53,4
286,145,phoenix-customer-platform,tom.garcia,2024-02-16 05:00:00,approved,3,43,4
287,146,phoenix-mobile-api,david.kumar,2024-02-17 06:00:00,approved,7,65,4
288,147,phoenix-customer-platform,ana.lopez,2024-02-22 02:00:00,changes_requested,2,33,4
289,147,phoenix-customer-platform,james.taylor,2024-02-22 02:00:00,changes_requested,7,65,4
290,148,phoenix-customer-platform,ana.lopez,2024-02-17 02:00:00,approved,0,66,4
291,148,phoenix-customer-platform,david.kumar,2024-02-17 02:00:00,changes_requested,3,16,4
292,148,phoenix-customer-platform,david.kumar,2024-02-17 07:00:00,approved,1,72,4
293,149,phoenix-customer-platform,james.taylor,2024-03-07 08:00:00,approved,5,29,5
294,150,phoenix-web-frontend,ana.lopez,2024-02-26 02:00:00,changes_requested,3,30,5
295,151,phoenix-billing-service,david.kumar,2024-02-28 09:00:00,approved,6,33,5
296,152,phoenix-web-frontend,james.taylor,2024-03-09 01:00:00,approved,3,83,5
297,153,phoenix-billing-service,james.taylor,2024-02-26 13:00:00,approved,1,18,5
298,154,phoenix-mobile-api,tom.garcia,2024-02-28 02:00:00,approved,2,76,5
299,154,phoenix-mobile-api,james.taylor,2024-02-28 03:00:00,approved,5,20,5
300,155,phoenix-auth-service,james.taylor,2024-03-07 03:00:00,changes_requested,6,32,5
301,156,phoenix-shared-components,james.taylor,2024-02-26 04:00:00,approved,7,48,5
302,156,phoenix-shared-components,tom.garcia,2024-02-26 02:00:00,changes_requested,7,74,5
303,156,phoenix-shared-components,david.kumar,2024-02-26 01:00:00,changes_requested,5,88,5
304,157,phoenix-mobile-api,ana.lopez,2024-03-09 03:00:00,approved,1,14,5
305,157,phoenix-mobile-api,james.taylor,2024-03-09 09:00:00,approved,0,57,5
306,158,phoenix-auth-service,james.taylor,2024-03-09 01:00:00,changes_requested,6,49,5
307,159,phoenix-shared-components,tom.garcia,2024-03-05 02:00:00,approved,1,90,5
308,160,phoenix-web-frontend,ana.lopez,2024-02-27 05:00:00,changes_requested,7,25,5
309,160,phoenix-web-frontend,ana.lopez,2024-02-27 05:00:00,approved,3,36,5
310,160,phoenix-web-frontend,ana.lopez,2024-02-27 05:00:00,changes_requested,4,52,5
311,161,phoenix-customer-platform,david.kumar,2024-03-05 09:00:00,approved,3,66,5
312,162,phoenix-mobile-api,david.kumar,2024-03-02 04:00:00,approved,4,20,5
313,163,phoenix-customer-platform,ana.lopez,2024-03-06 14:00:00,approved,2,86,5
314,163,phoenix-customer-platform,tom.garcia,2024-03-06 05:00:00,approved,1,11,5
315,164,phoenix-mobile-api,james.taylor,2024-03-06 08:00:00,approved,1,42,5
316,164,phoenix-mobile-api,ana.lopez,2024-03-06 08:00:00,approved,1,40,5
317,164,phoenix-mobile-api,james.taylor,2024-03-06 09:00:00,changes_requested,5,78,5
318,165,phoenix-mobile-api,ana.lopez,2024-03-02 02:00:00,approved,5,24,5
319,166,phoenix-mobile-api,david.kumar,2024-02-29 04:00:00,changes_requested,6,42,5
320,167,phoenix-shared-components,james.taylor,2024-02-27 10:00:00,approved,0,21,5
321,167,phoenix-shared-components,james.taylor,2024-02-27 09:00:00,approved,2,54,5
322,168,phoenix-shared-components,james.taylor,2024-02-27 02:00:00,approved,6,88,5
323,168,phoenix-shared-components,david.kumar,2024-02-27 08:00:00,changes_requested,4,53,5
324,168,phoenix-shared-components,david.kumar,2024-02-27 07:00:00,approved,6,40,5
325,169,phoenix-billing-service,tom.garcia,2024-03-06 04:00:00,approved,1,18,5
326,169,phoenix-billing-service,james.taylor,2024-03-06 01:00:00,changes_requested,7,76,5
327,169,phoenix-billing-service,ana.lopez,2024-03-06 02:00:00,approved,0,44,5
328,170,phoenix-customer-platform,james.taylor,2024-02-28 02:00:00,changes_requested,2,47,5
329,170,phoenix-customer-platform,james.taylor,2024-02-28 04:00:00,approved,0,77,5
330,171,phoenix-web-frontend,ana.lopez,2024-03-02 04:00:00,approved,7,30,5
331,171,phoenix-web-frontend,ana.lopez,2024-03-02 04:00:00,changes_requested,6,24,5
332,172,phoenix-customer-platform,tom.garcia,2024-03-05 04:00:00,changes_requested,7,86,5
333,173,phoenix-shared-components,tom.garcia,2024-03-05 04:00:00,changes_requested,3,63,5
334,173,phoenix-shared-components,james.taylor,2024-03-05 04:00:00,changes_requested,2,88,5
335,174,phoenix-billing-service,tom.garcia,2024-03-07 04:00:00,approved,1,71,5
336,174,phoenix-billing-service,tom.garcia,2024-03-07 01:00:00,changes_requested,6,25,5
337,175,phoenix-web-frontend,ana.lopez,2024-02-27 02:00:00,changes_requested,2,89,5
338,175,phoenix-web-frontend,james.taylor,2024-02-27 03:00:00,changes_requested,4,37,5
339,175,phoenix-web-frontend,tom.garcia,2024-02-27 03:00:00,changes_requested,3,72,5
340,176,phoenix-auth-service,james.taylor,2024-03-05 03:00:00,approved,2,44,5
341,176,phoenix-auth-service,ana.lopez,2024-03-05 01:00:00,changes_requested,6,29,5
342,177,phoenix-customer-platform,david.kumar,2024-03-01 02:00:00,approved,5,10,5
343,177,phoenix-customer-platform,james.taylor,2024-03-01 01:00:00,changes_requested,7,32,5
344,178,phoenix-mobile-api,james.taylor,2024-03-07 04:00:00,approved,7,12,5
345,179,phoenix-mobile-api,david.kumar,2024-02-27 01:00:00,approved,1,90,5
346,180,phoenix-mobile-api,ana.lopez,2024-03-06 04:00:00,approved,0,35,5
347,180,phoenix-mobile-api,james.taylor,2024-03-06 04:00:00,approved,1,16,5
348,180,phoenix-mobile-api,david.kumar,2024-03-06 04:00:00,approved,2,65,5
349,181,phoenix-customer-platform,ana.lopez,2024-02-27 01:00:00,approved,2,52,5
350,181,phoenix-customer-platform,david.kumar,2024-02-27 03:00:00,approved,0,75,5
351,181,phoenix-customer-platform,ana.lopez,2024-02-27 01:00:00,changes_requested,5,40,5
352,182,phoenix-web-frontend,david.kumar,2024-03-08 02:00:00,approved,2,77,5
353,182,phoenix-web-frontend,ana.lopez,2024-03-08 04:00:00,approved,0,59,5
354,183,phoenix-customer-platform,david.kumar,2024-03-09 03:00:00,approved,1,55,5
355,184,phoenix-web-frontend,tom.garcia,2024-03-01 02:00:00,approved,8,33,5
356,184,phoenix-web-frontend,tom.garcia,2024-03-01 03:00:00,approved,7,73,5
357,185,phoenix-customer-platform,tom.garcia,2024-03-03 01:00:00,approved,6,78,5
358,185,phoenix-customer-platform,david.kumar,2024-03-03 02:00:00,changes_requested,7,19,5
359,185,phoenix-customer-platform,david.kumar,2024-03-03 02:00:00,approved,6,55,5
360,186,phoenix-mobile-api,david.kumar,2024-03-03 05:00:00,changes_requested,8,16,5
361,186,phoenix-mobile-api,ana.lopez,2024-03-03 07:00:00,approved,3,85,5
362,186,phoenix-mobile-api,ana.lopez,2024-03-03 08:00:00,changes_requested,7,61,5
363,187,phoenix-shared-components,ana.lopez,2024-03-06 12:00:00,changes_requested,4,45,5
364,187,phoenix-shared-components,ana.lopez,2024-03-06 09:00:00,changes_requested,4,61,5
365,187,phoenix-shared-components,tom.garcia,2024-03-06 14:00:00,approved,0,41,5
366,188,phoenix-billing-service,david.kumar,2024-02-29 01:00:00,changes_requested,2,68,5
367,189,phoenix-shared-components,james.taylor,2024-02-27 11:00:00,approved,3,46,5
368,190,phoenix-shared-components,tom.garcia,2024-03-04 03:00:00,approved,7,25,5
369,190,phoenix-shared-components,tom.garcia,2024-03-04 01:00:00,approved,2,23,5
370,190,phoenix-shared-components,david.kumar,2024-03-04 02:00:00,approved,3,72,5
371,191,phoenix-mobile-api,james.taylor,2024-02-29 09:00:00,changes_requested,5,22,5
372,191,phoenix-mobile-api,ana.lopez,2024-02-29 07:00:00,changes_requested,8,40,5
373,191,phoenix-mobile-api,ana.lopez,2024-02-29 01:00:00,changes_requested,7,40,5
374,192,phoenix-auth-service,james.taylor,2024-02-27 04:00:00,approved,1,57,5
375,192,phoenix-auth-service,david.kumar,2024-02-27 05:00:00,changes_requested,3,54,5
376,192,phoenix-auth-service,ana.lopez,2024-02-27 07:00:00,approved,0,29,5
377,193,phoenix-web-frontend,james.taylor,2024-03-05 03:00:00,changes_requested,5,14,5
378,193,phoenix-web-frontend,david.kumar,2024-03-05 04:00:00,approved,8,83,5
379,193,phoenix-web-frontend,david.kumar,2024-03-05 02:00:00,approved,6,57,5
380,194,phoenix-auth-service,david.kumar,2024-03-23 06:00:00,changes_requested,2,89,6
381,194,phoenix-auth-service,tom.garcia,2024-03-23 01:00:00,changes_requested,6,52,6
382,194,phoenix-auth-service,tom.garcia,2024-03-23 01:00:00,approved,1,82,6
383,195,phoenix-customer-platform,ana.lopez,2024-03-19 05:00:00,approved,1,58,6
384,195,phoenix-customer-platform,james.taylor,2024-03-19 08:00:00,approved,5,30,6
385,196,phoenix-auth-service,ana.lopez,2024-03-20 01:00:00,changes_requested,2,27,6
386,197,phoenix-customer-platform,ana.lopez,2024-03-15 01:00:00,approved,0,90,6
387,198,phoenix-mobile-api,tom.garcia,2024-03-19 01:00:00,changes_requested,3,31,6
388,199,phoenix-customer-platform,david.kumar,2024-03-17 05:00:00,approved,1,27,6
389,200,phoenix-auth-service,david.kumar,2024-03-23 10:00:00,approved,3,13,6
390,201,phoenix-web-frontend,tom.garcia,2024-03-15 03:00:00,approved,0,86,6
391,201,phoenix-web-frontend,ana.lopez,2024-03-15 04:00:00,changes_requested,6,37,6
392,201,phoenix-web-frontend,ana.lopez,2024-03-15 01:00:00,approved,0,67,6
393,202,phoenix-auth-service,david.kumar,2024-03-21 02:00:00,approved,1,38,6
394,203,phoenix-customer-platform,james.taylor,2024-03-17 04:00:00,approved,1,18,6
395,203,phoenix-customer-platform,james.taylor,2024-03-17 15:00:00,changes_requested,5,36,6
396,204,phoenix-mobile-api,james.taylor,2024-03-21 06:00:00,approved,0,51,6
397,204,phoenix-mobile-api,james.taylor,2024-03-21 06:00:00,approved,1,51,6
398,204,phoenix-mobile-api,james.taylor,2024-03-21 10:00:00,approved,0,50,6
399,205,phoenix-auth-service,david.kumar,2024-03-14 05:00:00,changes_requested,2,40,6
400,205,phoenix-auth-service,james.taylor,2024-03-14 03:00:00,approved,0,10,6
401,206,phoenix-auth-service,ana.lopez,2024-03-14 04:00:00,approved,1,43,6
402,206,phoenix-auth-service,david.kumar,2024-03-14 03:00:00,changes_requested,3,16,6
403,206,phoenix-auth-service,james.taylor,2024-03-14 02:00:00,changes_requested,5,72,6
404,207,phoenix-shared-components,david.kumar,2024-03-11 04:00:00,approved,4,77,6
405,207,phoenix-shared-components,david.kumar,2024-03-11 14:00:00,changes_requested,4,52,6
406,207,phoenix-shared-components,ana.lopez,2024-03-11 12:00:00,approved,4,87,6
407,208,phoenix-auth-service,tom.garcia,2024-03-23 02:00:00,changes_requested,8,70,6
408,208,phoenix-auth-service,tom.garcia,2024-03-23 01:00:00,approved,1,60,6
409,209,phoenix-web-frontend,david.kumar,2024-03-16 11:00:00,approved,2,45,6
410,209,phoenix-web-frontend,ana.lopez,2024-03-16 01:00:00,changes_requested,4,43,6
411,209,phoenix-web-frontend,james.taylor,2024-03-16 16:00:00,approved,0,45,6
412,210,phoenix-mobile-api,james.taylor,2024-03-19 03:00:00,approved,7,64,6
413,211,phoenix-auth-service,tom.garcia,2024-03-20 07:00:00,approved,4,29,6
414,211,phoenix-auth-service,david.kumar,2024-03-20 02:00:00,changes_requested,4,83,6
415,211,phoenix-auth-service,david.kumar,2024-03-20 05:00:00,changes_requested,5,34,6
416,212,phoenix-web-frontend,james.taylor,2024-03-14 02:00:00,changes_requested,5,65,6
417,212,phoenix-web-frontend,david.kumar,2024-03-14 03:00:00,approved,1,58,6
418,213,phoenix-customer-platform,ana.lopez,2024-03-13 11:00:00,approved,3,43,6
419,214,phoenix-mobile-api,tom.garcia,2024-03-13 03:00:00,approved,3,34,6
420,214,phoenix-mobile-api,david.kumar,2024-03-13 02:00:00,approved,3,15,6
421,215,phoenix-customer-platform,david.kumar,2024-03-12 04:00:00,approved,0,37,6
422,215,phoenix-customer-platform,james.taylor,2024-03-12 16:00:00,approved,7,14,6
423,215,phoenix-customer-platform,james.taylor,2024-03-12 16:00:00,approved,2,86,6
424,216,phoenix-mobile-api,david.kumar,2024-03-16 13:00:00,approved,1,11,6
425,216,phoenix-mobile-api,ana.lopez,2024-03-16 14:00:00,approved,1,75,6
426,216,phoenix-mobile-api,ana.lopez,2024-03-16 10:00:00,approved,0,21,6
427,217,phoenix-billing-service,ana.lopez,2024-03-18 01:00:00,approved,0,38,6
428,217,phoenix-billing-service,james.taylor,2024-03-18 02:00:00,approved,1,27,6
429,218,phoenix-customer-platform,james.taylor,2024-03-18 02:00:00,approved,4,56,6
430,218,phoenix-customer-platform,ana.lopez,2024-03-18 07:00:00,approved,0,45,6
431,219,phoenix-billing-service,ana.lopez,2024-03-13 04:00:00,approved,2,46,6
432,219,phoenix-billing-service,tom.garcia,2024-03-13 03:00:00,approved,1,32,6
433,220,phoenix-billing-service,david.kumar,2024-03-18 02:00:00,approved,1,39,6
434,220,phoenix-billing-service,ana.lopez,2024-03-18 09:00:00,approved,5,12,6
435,221,phoenix-shared-components,tom.garcia,2024-03-23 06:00:00,approved,0,30,6
436,222,phoenix-auth-service,david.kumar,2024-03-13 10:00:00,changes_requested,7,17,6
437,223,phoenix-shared-components,james.taylor,2024-03-17 02:00:00,changes_requested,4,56,6
438,224,phoenix-auth-service,david.kumar,2024-03-11 12:00:00,approved,6,69,6
439,224,phoenix-auth-service,james.taylor,2024-03-11 03:00:00,changes_requested,5,27,6
440,225,phoenix-web-frontend,ana.lopez,2024-03-13 04:00:00,approved,5,42,6
441,225,phoenix-web-frontend,james.taylor,2024-03-13 02:00:00,approved,6,16,6
442,226,phoenix-web-frontend,tom.garcia,2024-03-11 13:00:00,approved,2,23,6
443,226,phoenix-web-frontend,tom.garcia,2024-03-11 11:00:00,approved,1,43,6
444,226,phoenix-web-frontend,ana.lopez,2024-03-11 13:00:00,approved,4,72,6
445,227,phoenix-billing-service,james.taylor,2024-03-20 02:00:00,approved,5,10,6
446,227,phoenix-billing-service,ana.lopez,2024-03-20 02:00:00,changes_requested,4,54,6
447,228,phoenix-web-frontend,tom.garcia,2024-03-19 04:00:00,approved,4,49,6
448,228,phoenix-web-frontend,james.taylor,2024-03-19 09:00:00,approved,2,17,6
449,229,phoenix-mobile-api,david.kumar,2024-03-16 01:00:00,approved,3,19,6
450,230,phoenix-shared-components,james.taylor,2024-03-17 04:00:00,changes_requested,2,60,6
451,231,phoenix-auth-service,ana.lopez,2024-03-15 12:00:00,approved,1,79,6
452,232,phoenix-billing-service,ana.lopez,2024-03-23 10:00:00,changes_requested,3,74,6
453,232,phoenix-billing-service,ana.lopez,2024-03-23 06:00:00,approved,7,72,6
454,233,phoenix-shared-components,james.taylor,2024-04-03 03:00:00,changes_requested,7,17,7
455,233,phoenix-shared-components,james.taylor,2024-04-03 05:00:00,approved,1,81,7
456,234,phoenix-shared-components,david.kumar,2024-04-06 07:00:00,changes_requested,2,18,7
457,234,phoenix-shared-components,james.taylor,2024-04-06 17:00:00,approved,2,74,7
458,234,phoenix-shared-components,david.kumar,2024-04-06 05:00:00,approved,3,67,7
459,235,phoenix-billing-service,ana.lopez,2024-03-29 03:00:00,changes_requested,7,10,7
460,235,phoenix-billing-service,james.taylor,2024-03-29 08:00:00,approved,0,35,7
461,235,phoenix-billing-service,david.kumar,2024-03-29 17:00:00,approved,3,45,7
462,236,phoenix-mobile-api,ana.lopez,2024-03-25 02:00:00,changes_requested,4,90,7
463,237,phoenix-auth-service,tom.garcia,2024-04-01 05:00:00,changes_requested,4,36,7
464,237,phoenix-auth-service,ana.lopez,2024-04-01 07:00:00,changes_requested,4,53,7
465,237,phoenix-auth-service,david.kumar,2024-04-01 04:00:00,approved,2,57,7
466,238,phoenix-auth-service,david.kumar,2024-03-30 02:00:00,approved,2,77,7
467,239,phoenix-billing-service,ana.lopez,2024-04-06 12:00:00,approved,2,19,7
468,240,phoenix-billing-service,david.kumar,2024-04-03 07:00:00,approved,2,81,7
469,241,phoenix-shared-components,james.taylor,2024-04-03 13:00:00,approved,7,39,7
470,241,phoenix-shared-components,tom.garcia,2024-04-03 08:00:00,approved,0,19,7
471,241,phoenix-shared-components,tom.garcia,2024-04-03 11:00:00,approved,0,51,7
472,242,phoenix-shared-components,ana.lopez,2024-04-04 03:00:00,approved,2,20,7
473,242,phoenix-shared-components,james.taylor,2024-04-04 04:00:00,approved,0,17,7
474,242,phoenix-shared-components,david.kumar,2024-04-04 02:00:00,approved,1,70,7
475,243,phoenix-customer-platform,james.taylor,2024-04-03 07:00:00,changes_requested,2,20,7
476,244,phoenix-customer-platform,tom.garcia,2024-04-02 02:00:00,changes_requested,5,53,7
477,244,phoenix-customer-platform,ana.lopez,2024-04-02 03:00:00,approved,0,66,7
478,245,phoenix-shared-components,ana.lopez,2024-03-31 02:00:00,changes_requested,5,43,7
479,246,phoenix-customer-platform,james.taylor,2024-03-27 13:00:00,approved,6,57,7
480,246,phoenix-customer-platform,david.kumar,2024-03-27 14:00:00,changes_requested,8,52,7
481,246,phoenix-customer-platform,david.kumar,2024-03-27 15:00:00,changes_requested,6,42,7
482,247,phoenix-customer-platform,david.kumar,2024-04-05 07:00:00,changes_requested,2,21,7
483,248,phoenix-customer-platform,ana.lopez,2024-03-31 06:00:00,approved,0,26,7
484,248,phoenix-customer-platform,james.taylor,2024-03-31 10:00:00,changes_requested,2,50,7
485,249,phoenix-mobile-api,james.taylor,2024-04-04 03:00:00,approved,0,80,7
486,250,phoenix-mobile-api,david.kumar,2024-03-30 03:00:00,approved,2,76,7
487,250,phoenix-mobile-api,ana.lopez,2024-03-30 02:00:00,approved,0,87,7
488,250,phoenix-mobile-api,ana.lopez,2024-03-30 02:00:00,changes_requested,5,23,7
489,251,phoenix-customer-platform,david.kumar,2024-03-27 04:00:00,approved,2,64,7
490,251,phoenix-customer-platform,ana.lopez,2024-03-27 01:00:00,changes_requested,2,12,7
491,251,phoenix-customer-platform,james.taylor,2024-03-27 01:00:00,approved,4,64,7
492,252,phoenix-mobile-api,david.kumar,2024-04-01 14:00:00,approved,1,70,7
493,252,phoenix-mobile-api,david.kumar,2024-04-01 17:00:00,approved,1,73,7
494,253,phoenix-auth-service,ana.lopez,2024-03-27 02:00:00,approved,2,32,7
495,253,phoenix-auth-service,david.kumar,2024-03-27 04:00:00,approved,1,28,7
496,253,phoenix-auth-service,ana.lopez,2024-03-27 08:00:00,approved,0,18,7
497,254,phoenix-mobile-api,ana.lopez,2024-04-01 03:00:00,approved,0,61,7
498,254,phoenix-mobile-api,ana.lopez,2024-04-01 03:00:00,approved,6,20,7
499,255,phoenix-auth-service,james.taylor,2024-03-30 18:00:00,approved,4,81,7
500,255,phoenix-auth-service,ana.lopez,2024-03-30 04:00:00,approved,2,61,7
501,256,phoenix-billing-service,james.taylor,2024-03-26 03:00:00,changes_requested,2,83,7
502,256,phoenix-billing-service,ana.lopez,2024-03-26 03:00:00,approved,3,35,7
503,257,phoenix-customer-platform,ana.lopez,2024-03-28 03:00:00,approved,2,35,7
504,257,phoenix-customer-platform,james.taylor,2024-03-28 10:00:00,approved,1,22,7
505,257,phoenix-customer-platform,tom.garcia,2024-03-28 11:00:00,approved,1,69,7
506,258,phoenix-auth-service,david.kumar,2024-04-04 04:00:00,changes_requested,4,18,7
507,259,phoenix-billing-service,david.kumar,2024-03-25 03:00:00,approved,2,17,7
508,259,phoenix-billing-service,david.kumar,2024-03-25 04:00:00,approved,1,78,7
509,259,phoenix-billing-service,james.taylor,2024-03-25 11:00:00,approved,0,35,7
510,260,phoenix-web-frontend,david.kumar,2024-03-30 05:00:00,approved,1,16,7
511,260,phoenix-web-frontend,tom.garcia,2024-03-30 01:00:00,approved,2,33,7
512,260,phoenix-web-frontend,james.taylor,2024-03-30 07:00:00,approved,6,29,7
513,261,phoenix-billing-service,ana.lopez,2024-04-02 03:00:00,approved,5,25,7
514,261,phoenix-billing-service,david.kumar,2024-04-02 03:00:00,changes_requested,7,26,7
515,262,phoenix-shared-components,tom.garcia,2024-04-03 02:00:00,changes_requested,5,45,7
516,262,phoenix-shared-components,david.kumar,2024-04-03 12:00:00,approved,1,37,7
517,263,phoenix-customer-platform,tom.garcia,2024-03-25 08:00:00,changes_requested,3,42,7
518,264,phoenix-billing-service,david.kumar,2024-04-05 09:00:00,approved,2,36,7
519,264,phoenix-billing-service,david.kumar,2024-04-05 07:00:00,approved,0,82,7
520,265,phoenix-web-frontend,james.taylor,2024-04-06 04:00:00,approved,0,45,7
521,265,phoenix-web-frontend,james.taylor,2024-04-06 14:00:00,changes_requested,6,27,7
522,266,phoenix-mobile-api,james.taylor,2024-03-25 01:00:00,approved,0,64,7
523,266,phoenix-mobile-api,david.kumar,2024-03-25 04:00:00,approved,2,13,7
524,267,phoenix-mobile-api,ana.lopez,2024-03-28 08:00:00,approved,3,37,7
525,268,phoenix-auth-service,james.taylor,2024-04-03 10:00:00,approved,1,10,7
526,268,phoenix-auth-service,james.taylor,2024-04-03 08:00:00,changes_requested,2,31,7
527,268,phoenix-auth-service,ana.lopez,2024-04-03 11:00:00,changes_requested,4,41,7
528,269,phoenix-customer-platform,david.kumar,2024-04-06 03:00:00,approved,0,28,7
529,270,phoenix-mobile-api,david.kumar,2024-03-25 07:00:00,approved,1,43,7
530,271,phoenix-shared-components,david.kumar,2024-04-03 06:00:00,approved,1,43,7
531,272,phoenix-customer-platform,james.taylor,2024-03-31 01:00:00,approved,2,37,7
532,273,phoenix-shared-components,david.kumar,2024-04-06 18:00:00,changes_requested,8,34,7
533,274,phoenix-web-frontend,james.taylor,2024-04-06 04:00:00,approved,6,15,7
534,275,phoenix-web-frontend,ana.lopez,2024-03-31 06:00:00,approved,8,73,7
535,275,phoenix-web-frontend,ana.lopez,2024-03-31 11:00:00,approved,2,60,7
536,276,phoenix-customer-platform,ana.lopez,2024-03-31 09:00:00,changes_requested,5,74,7
537,276,phoenix-customer-platform,ana.lopez,2024-03-31 07:00:00,approved,1,79,7
538,276,phoenix-customer-platform,tom.garcia,2024-03-31 03:00:00,changes_requested,8,42,7
539,277,phoenix-customer-platform,ana.lopez,2024-03-26 01:00:00,changes_requested,4,21,7
540,278,phoenix-mobile-api,james.taylor,2024-03-26 05:00:00,changes_requested,4,16,7
541,278,phoenix-mobile-api,james.taylor,2024-03-26 07:00:00,approved,0,44,7
542,278,phoenix-mobile-api,ana.lopez,2024-03-26 01:00:00,approved,5,22,7
543,279,phoenix-auth-service,james.taylor,2024-03-29 03:00:00,approved,0,80,7
544,280,phoenix-customer-platform,david.kumar,2024-04-06 14:00:00,approved,5,22,7
545,281,phoenix-customer-platform,james.taylor,2024-03-26 04:00:00,approved,2,30,7
546,282,phoenix-billing-service,ana.lopez,2024-03-30 02:00:00,changes_requested,6,70,7
547,282,phoenix-billing-service,david.kumar,2024-03-30 01:00:00,approved,5,18,7
548,283,phoenix-shared-components,david.kumar,2024-04-05 01:00:00,approved,0,45,7
549,283,phoenix-shared-components,ana.lopez,2024-04-05 04:00:00,changes_requested,4,10,7
550,284,phoenix-mobile-api,ana.lopez,2024-03-25 14:00:00,approved,2,59,7
551,284,phoenix-mobile-api,ana.lopez,2024-03-25 05:00:00,approved,1,25,7
552,284,phoenix-mobile-api,james.taylor,2024-03-25 16:00:00,changes_requested,4,27,7
553,285,phoenix-shared-components,tom.garcia,2024-04-05 02:00:00,approved,2,82,7
554,285,phoenix-shared-components,james.taylor,2024-04-05 01:00:00,changes_requested,2,44,7
555,286,phoenix-web-frontend,david.kumar,2024-04-03 01:00:00,changes_requested,4,55,7
556,286,phoenix-web-frontend,tom.garcia,2024-04-03 03:00:00,approved,0,65,7
557,287,phoenix-billing-service,tom.garcia,2024-04-06 02:00:00,approved,3,42,7
558,287,phoenix-billing-service,david.kumar,2024-04-06 01:00:00,changes_requested,2,81,7
559,287,phoenix-billing-service,david.kumar,2024-04-06 02:00:00,approved,2,58,7
560,288,phoenix-customer-platform,james.taylor,2024-04-02 02:00:00,approved,0,73,7
561,288,phoenix-customer-platform,david.kumar,2024-04-02 02:00:00,approved,0,82,7
562,289,phoenix-shared-components,tom.garcia,2024-03-30 15:00:00,approved,7,43,7
563,289,phoenix-shared-components,tom.garcia,2024-03-30 10:00:00,changes_requested,5,82,7
564,290,phoenix-billing-service,tom.garcia,2024-03-30 05:00:00,approved,5,63,7
565,291,phoenix-web-frontend,ana.lopez,2024-04-02 02:00:00,approved,1,74,7
566,291,phoenix-web-frontend,ana.lopez,2024-04-02 06:00:00,approved,4,45,7
567,291,phoenix-web-frontend,ana.lopez,2024-04-02 14:00:00,approved,5,87,7
568,292,phoenix-customer-platform,david.kumar,2024-04-04 17:00:00,approved,2,15,7
569,292,phoenix-customer-platform,tom.garcia,2024-04-04 07:00:00,changes_requested,5,84,7
570,293,phoenix-web-frontend,james.taylor,2024-04-18 10:00:00,changes_requested,5,61,8
571,293,phoenix-web-frontend,james.taylor,2024-04-18 06:00:00,changes_requested,5,73,8
572,293,phoenix-web-frontend,james.taylor,2024-04-18 07:00:00,approved,1,83,8
573,294,phoenix-shared-components,david.kumar,2024-04-10 08:00:00,approved,6,60,8
574,294,phoenix-shared-components,ana.lopez,2024-04-10 01:00:00,approved,4,30,8
575,294,phoenix-shared-components,david.kumar,2024-04-10 14:00:00,approved,1,55,8
576,295,phoenix-billing-service,tom.garcia,2024-04-14 10:00:00,approved,1,27,8
577,296,phoenix-billing-service,ana.lopez,2024-04-11 04:00:00,changes_requested,2,83,8
578,297,phoenix-billing-service,tom.garcia,2024-04-08 06:00:00,approved,0,16,8
579,297,phoenix-billing-service,ana.lopez,2024-04-08 09:00:00,approved,6,64,8
580,297,phoenix-billing-service,ana.lopez,2024-04-08 02:00:00,approved,1,84,8
581,298,phoenix-billing-service,ana.lopez,2024-04-10 01:00:00,approved,0,71,8
582,299,phoenix-customer-platform,ana.lopez,2024-04-16 07:00:00,approved,2,14,8
583,299,phoenix-customer-platform,david.kumar,2024-04-16 11:00:00,approved,2,37,8
584,300,phoenix-mobile-api,david.kumar,2024-04-10 01:00:00,approved,1,55,8
585,300,phoenix-mobile-api,david.kumar,2024-04-10 03:00:00,changes_requested,3,44,8
586,301,phoenix-mobile-api,david.kumar,2024-04-17 04:00:00,approved,1,14,8
587,301,phoenix-mobile-api,tom.garcia,2024-04-17 12:00:00,approved,1,32,8
588,302,phoenix-web-frontend,tom.garcia,2024-04-10 01:00:00,approved,2,52,8
589,302,phoenix-web-frontend,james.taylor,2024-04-10 03:00:00,approved,3,28,8
590,302,phoenix-web-frontend,james.taylor,2024-04-10 01:00:00,changes_requested,6,83,8
591,303,phoenix-billing-service,ana.lopez,2024-04-18 10:00:00,approved,1,18,8
592,303,phoenix-billing-service,james.taylor,2024-04-18 02:00:00,changes_requested,4,37,8
593,303,phoenix-billing-service,james.taylor,2024-04-18 01:00:00,approved,2,70,8
594,304,phoenix-billing-service,david.kumar,2024-04-16 03:00:00,approved,2,41,8
595,305,phoenix-mobile-api,ana.lopez,2024-04-15 02:00:00,approved,1,19,8
596,306,phoenix-auth-service,tom.garcia,2024-04-20 01:00:00,approved,0,19,8
597,306,phoenix-auth-service,james.taylor,2024-04-20 04:00:00,approved,4,18,8
598,307,phoenix-web-frontend,ana.lopez,2024-04-20 04:00:00,approved,0,58,8
599,308,phoenix-web-frontend,david.kumar,2024-04-15 16:00:00,approved,2,25,8
600,309,phoenix-web-frontend,tom.garcia,2024-04-11 03:00:00,approved,8,56,8
601,309,phoenix-web-frontend,ana.lopez,2024-04-11 04:00:00,approved,0,21,8
602,310,phoenix-auth-service,david.kumar,2024-04-19 03:00:00,approved,8,33,8
603,311,phoenix-web-frontend,tom.garcia,2024-04-15 03:00:00,approved,1,58,8
604,311,phoenix-web-frontend,james.taylor,2024-04-15 02:00:00,approved,0,35,8
605,312,phoenix-mobile-api,james.taylor,2024-04-18 03:00:00,changes_requested,3,43,8
606,312,phoenix-mobile-api,david.kumar,2024-04-18 07:00:00,changes_requested,8,63,8
607,312,phoenix-mobile-api,david.kumar,2024-04-18 12:00:00,changes_requested,4,86,8
608,313,phoenix-web-frontend,tom.garcia,2024-04-10 05:00:00,approved,1,38,8
609,313,phoenix-web-frontend,james.taylor,2024-04-10 04:00:00,approved,2,71,8
610,313,phoenix-web-frontend,tom.garcia,2024-04-10 09:00:00,approved,3,57,8
611,314,phoenix-auth-service,tom.garcia,2024-04-09 08:00:00,approved,2,45,8
612,315,phoenix-customer-platform,james.taylor,2024-04-13 06:00:00,approved,2,67,8
613,316,phoenix-customer-platform,ana.lopez,2024-04-14 07:00:00,changes_requested,3,51,8
614,316,phoenix-customer-platform,ana.lopez,2024-04-14 09:00:00,approved,2,64,8
615,316,phoenix-customer-platform,james.taylor,2024-04-14 02:00:00,changes_requested,7,76,8
616,317,phoenix-shared-components,david.kumar,2024-04-14 06:00:00,approved,8,15,8
617,317,phoenix-shared-components,david.kumar,2024-04-14 08:00:00,approved,2,42,8
618,318,phoenix-shared-components,ana.lopez,2024-04-20 04:00:00,approved,0,59,8
619,318,phoenix-shared-components,james.taylor,2024-04-20 04:00:00,approved,2,87,8
620,318,phoenix-shared-components,james.taylor,2024-04-20 02:00:00,approved,1,41,8
621,319,phoenix-auth-service,james.taylor,2024-04-12 11:00:00,approved,2,20,8
622,320,phoenix-billing-service,david.kumar,2024-04-20 10:00:00,changes_requested,7,87,8
623,321,phoenix-auth-service,david.kumar,2024-04-09 10:00:00,approved,4,66,8
624,321,phoenix-auth-service,david.kumar,2024-04-09 09:00:00,approved,0,78,8
625,321,phoenix-auth-service,james.taylor,2024-04-09 02:00:00,approved,1,57,8
626,322,phoenix-mobile-api,james.taylor,2024-04-08 13:00:00,approved,2,81,8
627,322,phoenix-mobile-api,james.taylor,2024-04-08 15:00:00,changes_requested,5,12,8
628,322,phoenix-mobile-api,tom.garcia,2024-04-08 09:00:00,approved,0,40,8
629,323,phoenix-mobile-api,james.taylor,2024-04-15 17:00:00,approved,0,89,8
630,323,phoenix-mobile-api,tom.garcia,2024-04-15 09:00:00,approved,1,26,8
631,324,phoenix-shared-components,ana.lopez,2024-04-08 01:00:00,changes_requested,6,37,8
632,325,phoenix-web-frontend,tom.garcia,2024-04-08 02:00:00,approved,2,59,8
633,325,phoenix-web-frontend,david.kumar,2024-04-08 04:00:00,approved,1,35,8
634,325,phoenix-web-frontend,tom.garcia,2024-04-08 02:00:00,approved,2,27,8
635,326,phoenix-mobile-api,ana.lopez,2024-04-20 04:00:00,approved,2,74,8
636,326,phoenix-mobile-api,james.taylor,2024-04-20 03:00:00,changes_requested,4,63,8
637,326,phoenix-mobile-api,david.kumar,2024-04-20 02:00:00,approved,2,79,8
638,327,phoenix-mobile-api,james.taylor,2024-04-15 12:00:00,approved,1,86,8
639,327,phoenix-mobile-api,ana.lopez,2024-04-15 17:00:00,approved,7,87,8
640,328,phoenix-auth-service,james.taylor,2024-04-09 05:00:00,approved,4,68,8
641,328,phoenix-auth-service,james.taylor,2024-04-09 02:00:00,approved,2,54,8
642,328,phoenix-auth-service,david.kumar,2024-04-09 11:00:00,changes_requested,7,24,8
643,329,phoenix-auth-service,david.kumar,2024-04-20 07:00:00,changes_requested,7,70,8
644,329,phoenix-auth-service,david.kumar,2024-04-20 10:00:00,changes_requested,6,49,8
645,329,phoenix-auth-service,david.kumar,2024-04-20 12:00:00,approved,1,67,8
646,330,phoenix-billing-service,david.kumar,2024-04-15 18:00:00,approved,3,85,8
647,330,phoenix-billing-service,james.taylor,2024-04-15 04:00:00,approved,0,55,8
648,330,phoenix-billing-service,tom.garcia,2024-04-15 17:00:00,approved,4,66,8
649,331,phoenix-customer-platform,james.taylor,2024-04-15 09:00:00,approved,1,56,8
650,332,phoenix-auth-service,james.taylor,2024-04-15 01:00:00,approved,2,87,8
651,332,phoenix-auth-service,james.taylor,2024-04-15 03:00:00,changes_requested,2,49,8
652,333,phoenix-web-frontend,ana.lopez,2024-04-14 04:00:00,approved,1,39,8
653,333,phoenix-web-frontend,james.taylor,2024-04-14 03:00:00,approved,6,70,8
654,333,phoenix-web-frontend,david.kumar,2024-04-14 03:00:00,approved,2,30,8
655,334,phoenix-mobile-api,james.taylor,2024-04-10 02:00:00,approved,0,56,8
656,335,phoenix-web-frontend,tom.garcia,2024-04-19 17:00:00,approved,7,10,8
657,336,phoenix-mobile-api,ana.lopez,2024-04-14 09:00:00,changes_requested,3,89,8
658,337,phoenix-web-frontend,ana.lopez,2024-04-09 02:00:00,approved,2,65,8
659,337,phoenix-web-frontend,tom.garcia,2024-04-09 12:00:00,changes_requested,3,14,8
660,337,phoenix-web-frontend,ana.lopez,2024-04-09 06:00:00,approved,1,32,8
661,338,phoenix-auth-service,ana.lopez,2024-04-20 01:00:00,approved,2,89,8
662,339,phoenix-web-frontend,ana.lopez,2024-04-09 03:00:00,approved,3,88,8
663,339,phoenix-web-frontend,james.taylor,2024-04-09 04:00:00,approved,0,56,8
664,339,phoenix-web-frontend,ana.lopez,2024-04-09 03:00:00,approved,1,50,8
665,340,phoenix-auth-service,david.kumar,2024-04-10 03:00:00,approved,1,47,8
666,340,phoenix-auth-service,james.taylor,2024-04-10 09:00:00,approved,1,32,8
667,341,phoenix-billing-service,david.kumar,2024-04-13 06:00:00,approved,2,82,8
668,341,phoenix-billing-service,james.taylor,2024-04-13 15:00:00,changes_requested,7,40,8
669,341,phoenix-billing-service,james.taylor,2024-04-13 01:00:00,approved,1,37,8
670,342,phoenix-customer-platform,david.kumar,2024-04-15 02:00:00,changes_requested,2,20,8
671,343,phoenix-web-frontend,ana.lopez,2024-04-12 03:00:00,approved,1,71,8
672,343,phoenix-web-frontend,tom.garcia,2024-04-12 02:00:00,approved,4,60,8
673,343,phoenix-web-frontend,tom.garcia,2024-04-12 02:00:00,changes_requested,4,70,8
674,344,phoenix-auth-service,james.taylor,2024-04-19 02:00:00,approved,1,16,8
675,344,phoenix-auth-service,tom.garcia,2024-04-19 01:00:00,approved,5,76,8
676,345,phoenix-shared-components,james.taylor,2024-04-17 01:00:00,changes_requested,7,24,8
677,345,phoenix-shared-components,james.taylor,2024-04-17 04:00:00,changes_requested,6,12,8
678,346,phoenix-auth-service,david.kumar,2024-04-17 01:00:00,approved,2,62,8
679,346,phoenix-auth-service,ana.lopez,2024-04-17 03:00:00,changes_requested,6,59,8
680,347,phoenix-web-frontend,david.kumar,2024-04-08 15:00:00,changes_requested,4,17,8
681,347,phoenix-web-frontend,david.kumar,2024-04-08 08:00:00,approved,0,10,8
682,347,phoenix-web-frontend,ana.lopez,2024-04-08 18:00:00,approved,2,32,8
683,348,phoenix-shared-components,tom.garcia,2024-04-23 01:00:00,approved,1,21,9
684,348,phoenix-shared-components,tom.garcia,2024-04-23 01:00:00,approved,1,82,9
685,348,phoenix-shared-components,tom.garcia,2024-04-23 03:00:00,approved,8,87,9
686,349,phoenix-shared-components,david.kumar,2024-04-22 07:00:00,changes_requested,7,16,9
687,349,phoenix-shared-components,james.taylor,2024-04-22 11:00:00,approved,2,32,9
688,350,phoenix-customer-platform,ana.lopez,2024-04-28 08:00:00,approved,1,23,9
689,350,phoenix-customer-platform,david.kumar,2024-04-28 11:00:00,approved,1,90,9
690,350,phoenix-customer-platform,ana.lopez,2024-04-28 06:00:00,approved,1,90,9
691,351,phoenix-customer-platform,tom.garcia,2024-04-30 15:00:00,approved,2,33,9
692,352,phoenix-mobile-api,david.kumar,2024-04-24 03:00:00,approved,0,39,9
693,353,phoenix-mobile-api,tom.garcia,2024-04-28 10:00:00,approved,2,65,9
694,354,phoenix-mobile-api,ana.lopez,2024-04-24 11:00:00,approved,0,55,9
695,354,phoenix-mobile-api,tom.garcia,2024-04-24 03:00:00,approved,0,43,9
696,354,phoenix-mobile-api,ana.lopez,2024-04-24 13:00:00,approved,2,82,9
697,355,phoenix-customer-platform,david.kumar,2024-04-29 22:00:00,approved,1,19,9
698,355,phoenix-customer-platform,tom.garcia,2024-04-29 16:00:00,approved,1,59,9
699,356,phoenix-auth-service,david.kumar,2024-05-01 11:00:00,approved,0,59,9
700,356,phoenix-auth-service,david.kumar,2024-05-01 07:00:00,approved,4,63,9
701,357,phoenix-customer-platform,david.kumar,2024-04-24 12:00:00,approved,6,32,9
702,357,phoenix-customer-platform,ana.lopez,2024-04-24 01:00:00,approved,2,22,9
703,358,phoenix-shared-components,ana.lopez,2024-04-26 12:00:00,approved,5,44,9
704,358,phoenix-shared-components,tom.garcia,2024-04-26 09:00:00,approved,0,51,9
705,358,phoenix-shared-components,tom.garcia,2024-04-26 02:00:00,approved,2,28,9
706,359,phoenix-billing-service,james.taylor,2024-04-23 02:00:00,changes_requested,7,30,9
707,359,phoenix-billing-service,tom.garcia,2024-04-23 05:00:00,approved,0,18,9
708,360,phoenix-shared-components,ana.lopez,2024-04-24 02:00:00,approved,6,27,9
709,361,phoenix-shared-components,tom.garcia,2024-05-01 13:00:00,approved,7,51,9
710,361,phoenix-shared-components,tom.garcia,2024-05-01 16:00:00,changes_requested,3,74,9
711,362,phoenix-mobile-api,ana.lopez,2024-04-27 07:00:00,changes_requested,5,51,9
712,362,phoenix-mobile-api,james.taylor,2024-04-27 09:00:00,approved,1,66,9
713,362,phoenix-mobile-api,david.kumar,2024-04-27 10:00:00,approved,0,89,9
714,363,phoenix-customer-platform,james.taylor,2024-04-22 10:00:00,approved,1,52,9
715,363,phoenix-customer-platform,david.kumar,2024-04-22 03:00:00,approved,0,86,9
716,364,phoenix-mobile-api,ana.lopez,2024-04-25 05:00:00,approved,2,87,9
717,364,phoenix-mobile-api,ana.lopez,2024-04-25 10:00:00,changes_requested,5,52,9
718,364,phoenix-mobile-api,james.taylor,2024-04-25 09:00:00,approved,6,31,9
719,365,phoenix-web-frontend,david.kumar,2024-04-23 16:00:00,approved,1,24,9
720,366,phoenix-auth-service,james.taylor,2024-04-26 11:00:00,approved,0,29,9
721,366,phoenix-auth-service,james.taylor,2024-04-26 01:00:00,approved,0,74,9
722,367,phoenix-mobile-api,ana.lopez,2024-05-01 07:00:00,approved,0,14,9
723,368,phoenix-auth-service,david.kumar,2024-05-02 13:00:00,approved,2,86,9
724,368,phoenix-auth-service,david.kumar,2024-05-02 12:00:00,approved,0,70,9
725,368,phoenix-auth-service,david.kumar,2024-05-02 02:00:00,changes_requested,4,10,9
726,369,phoenix-shared-components,ana.lopez,2024-04-28 09:00:00,approved,1,42,9
727,369,phoenix-shared-components,ana.lopez,2024-04-28 08:00:00,approved,2,27,9
728,369,phoenix-shared-components,ana.lopez,2024-04-28 13:00:00,approved,0,18,9
729,370,phoenix-customer-platform,ana.lopez,2024-04-26 01:00:00,approved,0,10,9
730,370,phoenix-customer-platform,ana.lopez,2024-04-26 03:00:00,approved,2,26,9
731,370,phoenix-customer-platform,james.taylor,2024-04-26 03:00:00,approved,2,26,9
732,371,phoenix-shared-components,james.taylor,2024-05-01 06:00:00,changes_requested,4,32,9
733,372,phoenix-customer-platform,david.kumar,2024-04-25 01:00:00,changes_requested,6,63,9
734,372,phoenix-customer-platform,ana.lopez,2024-04-25 01:00:00,changes_requested,5,31,9
735,372,phoenix-customer-platform,tom.garcia,2024-04-25 02:00:00,approved,1,64,9
736,373,phoenix-shared-components,james.taylor,2024-05-02 02:00:00,changes_requested,8,82,9
737,373,phoenix-shared-components,david.kumar,2024-05-02 03:00:00,approved,6,15,9
738,373,phoenix-shared-components,james.taylor,2024-05-02 04:00:00,changes_requested,5,19,9
739,374,phoenix-auth-service,david.kumar,2024-04-23 04:00:00,approved,1,67,9
740,374,phoenix-auth-service,tom.garcia,2024-04-23 02:00:00,approved,8,50,9
741,374,phoenix-auth-service,tom.garcia,2024-04-23 13:00:00,approved,2,50,9
742,375,phoenix-web-frontend,david.kumar,2024-04-23 04:00:00,changes_requested,6,24,9
743,375,phoenix-web-frontend,james.taylor,2024-04-23 06:00:00,approved,2,47,9
744,375,phoenix-web-frontend,james.taylor,2024-04-23 05:00:00,changes_requested,2,43,9
745,376,phoenix-customer-platform,james.taylor,2024-04-30 05:00:00,approved,5,23,9
746,376,phoenix-customer-platform,tom.garcia,2024-04-30 04:00:00,approved,2,16,9
747,377,phoenix-mobile-api,james.taylor,2024-04-29 22:00:00,changes_requested,7,50,9
748,377,phoenix-mobile-api,james.taylor,2024-04-29 02:00:00,approved,4,66,9
749,378,phoenix-auth-service,james.taylor,2024-05-02 10:00:00,approved,1,71,9
750,378,phoenix-auth-service,tom.garcia,2024-05-02 03:00:00,approved,1,85,9
751,379,phoenix-shared-components,james.taylor,2024-04-29 01:00:00,approved,1,10,9
752,379,phoenix-shared-components,tom.garcia,2024-04-29 04:00:00,changes_requested,8,26,9
753,380,phoenix-auth-service,david.kumar,2024-04-29 06:00:00,approved,0,24,9
754,381,phoenix-billing-service,james.taylor,2024-05-03 06:00:00,approved,2,59,9
755,381,phoenix-billing-service,tom.garcia,2024-05-03 16:00:00,approved,3,43,9
756,382,phoenix-shared-components,ana.lopez,2024-04-26 03:00:00,approved,1,47,9
757,383,phoenix-auth-service,david.kumar,2024-04-27 04:00:00,approved,2,83,9
758,383,phoenix-auth-service,ana.lopez,2024-04-27 02:00:00,approved,0,89,9
759,384,phoenix-auth-service,tom.garcia,2024-04-28 07:00:00,approved,1,48,9
760,385,phoenix-web-frontend,david.kumar,2024-04-24 16:00:00,approved,0,48,9
761,386,phoenix-shared-components,ana.lopez,2024-05-04 03:00:00,approved,1,11,9
762,386,phoenix-shared-components,tom.garcia,2024-05-04 03:00:00,approved,1,13,9
763,386,phoenix-shared-components,tom.garcia,2024-05-04 03:00:00,approved,0,61,9
764,387,phoenix-mobile-api,david.kumar,2024-04-24 07:00:00,approved,2,59,9
765,388,phoenix-mobile-api,david.kumar,2024-05-04 16:00:00,approved,2,38,9
766,388,phoenix-mobile-api,james.taylor,2024-05-04 19:00:00,changes_requested,8,44,9
767,389,phoenix-shared-components,david.kumar,2024-04-27 05:00:00,approved,0,64,9
768,390,phoenix-web-frontend,james.taylor,2024-04-28 01:00:00,approved,7,78,9
769,390,phoenix-web-frontend,ana.lopez,2024-04-28 07:00:00,approved,0,26,9
770,390,phoenix-web-frontend,david.kumar,2024-04-28 11:00:00,approved,2,74,9
771,391,phoenix-billing-service,tom.garcia,2024-04-30 04:00:00,approved,1,29,9
772,391,phoenix-billing-service,tom.garcia,2024-04-30 04:00:00,changes_requested,2,69,9
773,391,phoenix-billing-service,tom.garcia,2024-04-30 02:00:00,changes_requested,6,60,9
774,392,phoenix-web-frontend,tom.garcia,2024-04-30 09:00:00,approved,2,65,9
775,392,phoenix-web-frontend,david.kumar,2024-04-30 03:00:00,approved,2,14,9
776,393,phoenix-web-frontend,ana.lopez,2024-05-07 03:00:00,approved,2,18,10
777,394,phoenix-billing-service,ana.lopez,2024-05-18 04:00:00,approved,1,73,10
778,394,phoenix-billing-service,tom.garcia,2024-05-18 01:00:00,changes_requested,2,28,10
779,394,phoenix-billing-service,james.taylor,2024-05-18 01:00:00,approved,2,63,10
780,395,phoenix-web-frontend,david.kumar,2024-05-11 11:00:00,approved,2,40,10
781,395,phoenix-web-frontend,james.taylor,2024-05-11 03:00:00,approved,0,65,10
782,396,phoenix-billing-service,ana.lopez,2024-05-12 03:00:00,approved,0,38,10
783,396,phoenix-billing-service,tom.garcia,2024-05-12 03:00:00,approved,2,84,10
784,397,phoenix-web-frontend,tom.garcia,2024-05-06 07:00:00,approved,2,12,10
785,397,phoenix-web-frontend,david.kumar,2024-05-06 10:00:00,approved,0,59,10
786,397,phoenix-web-frontend,david.kumar,2024-05-06 12:00:00,approved,1,82,10
787,398,phoenix-customer-platform,ana.lopez,2024-05-06 04:00:00,approved,2,87,10
788,399,phoenix-billing-service,david.kumar,2024-05-14 01:00:00,approved,8,78,10
789,399,phoenix-billing-service,ana.lopez,2024-05-14 04:00:00,approved,4,45,10
790,399,phoenix-billing-service,ana.lopez,2024-05-14 04:00:00,approved,8,14,10
791,400,phoenix-customer-platform,david.kumar,2024-05-13 03:00:00,approved,0,58,10
792,400,phoenix-customer-platform,david.kumar,2024-05-13 02:00:00,approved,2,79,10
793,401,phoenix-shared-components,ana.lopez,2024-05-07 04:00:00,approved,1,24,10
794,401,phoenix-shared-components,ana.lopez,2024-05-07 06:00:00,approved,2,81,10
795,402,phoenix-web-frontend,ana.lopez,2024-05-17 01:00:00,approved,1,48,10
796,402,phoenix-web-frontend,tom.garcia,2024-05-17 04:00:00,approved,0,53,10
797,403,phoenix-customer-platform,ana.lopez,2024-05-17 03:00:00,approved,2,59,10
798,404,phoenix-mobile-api,david.kumar,2024-05-07 05:00:00,approved,4,18,10
799,405,phoenix-customer-platform,david.kumar,2024-05-15 13:00:00,approved,2,89,10
800,406,phoenix-auth-service,tom.garcia,2024-05-12 18:00:00,approved,0,15,10
801,407,phoenix-customer-platform,james.taylor,2024-05-11 02:00:00,approved,2,30,10
802,407,phoenix-customer-platform,james.taylor,2024-05-11 20:00:00,approved,2,55,10
803,407,phoenix-customer-platform,james.taylor,2024-05-11 08:00:00,approved,1,57,10
804,408,phoenix-shared-components,ana.lopez,2024-05-08 01:00:00,changes_requested,6,57,10
805,408,phoenix-shared-components,tom.garcia,2024-05-08 01:00:00,approved,1,87,10
806,409,phoenix-billing-service,ana.lopez,2024-05-09 01:00:00,changes_requested,5,84,10
807,409,phoenix-billing-service,tom.garcia,2024-05-09 01:00:00,approved,3,85,10
808,410,phoenix-customer-platform,ana.lopez,2024-05-10 12:00:00,approved,3,57,10
809,410,phoenix-customer-platform,ana.lopez,2024-05-10 05:00:00,approved,2,42,10
810,410,phoenix-customer-platform,tom.garcia,2024-05-10 03:00:00,approved,0,43,10
811,411,phoenix-customer-platform,tom.garcia,2024-05-10 13:00:00,approved,0,28,10
812,412,phoenix-shared-components,ana.lopez,2024-05-08 17:00:00,approved,0,40,10
813,412,phoenix-shared-components,tom.garcia,2024-05-09 00:00:00,approved,7,11,10
814,413,phoenix-mobile-api,james.taylor,2024-05-07 02:00:00,approved,2,39,10
815,413,phoenix-mobile-api,david.kumar,2024-05-07 02:00:00,approved,7,73,10
816,414,phoenix-shared-components,david.kumar,2024-05-13 12:00:00,approved,1,70,10
817,415,phoenix-mobile-api,james.taylor,2024-05-18 20:00:00,approved,3,37,10
818,415,phoenix-mobile-api,james.taylor,2024-05-18 12:00:00,approved,0,29,10
819,415,phoenix-mobile-api,david.kumar,2024-05-18 04:00:00,approved,6,83,10
820,416,phoenix-auth-service,tom.garcia,2024-05-08 11:00:00,approved,2,71,10
821,416,phoenix-auth-service,tom.garcia,2024-05-08 04:00:00,approved,6,34,10
822,416,phoenix-auth-service,david.kumar,2024-05-08 11:00:00,approved,2,64,10
823,417,phoenix-billing-service,tom.garcia,2024-05-13 01:00:00,approved,2,29,10
824,418,phoenix-billing-service,james.taylor,2024-05-13 04:00:00,approved,2,74,10
825,418,phoenix-billing-service,james.taylor,2024-05-13 01:00:00,approved,1,40,10
826,418,phoenix-billing-service,david.kumar,2024-05-13 03:00:00,approved,2,76,10
827,419,phoenix-web-frontend,david.kumar,2024-05-12 09:00:00,approved,4,56,10
828,419,phoenix-web-frontend,james.taylor,2024-05-12 09:00:00,approved,1,72,10
829,420,phoenix-customer-platform,ana.lopez,2024-05-10 07:00:00,approved,1,62,10
830,420,phoenix-customer-platform,ana.lopez,2024-05-10 08:00:00,approved,0,45,10
831,420,phoenix-customer-platform,tom.garcia,2024-05-10 07:00:00,approved,3,54,10
832,421,phoenix-shared-components,james.taylor,2024-05-11 03:00:00,approved,0,84,10
833,421,phoenix-shared-components,tom.garcia,2024-05-11 04:00:00,approved,3,72,10
834,421,phoenix-shared-components,ana.lopez,2024-05-11 03:00:00,approved,0,43,10
835,422,phoenix-customer-platform,james.taylor,2024-05-07 18:00:00,changes_requested,4,59,10
836,422,phoenix-customer-platform,james.taylor,2024-05-07 19:00:00,approved,0,61,10
837,422,phoenix-customer-platform,tom.garcia,2024-05-07 21:00:00,approved,0,52,10
838,423,phoenix-billing-service,james.taylor,2024-05-15 12:00:00,approved,1,63,10
839,423,phoenix-billing-service,david.kumar,2024-05-15 09:00:00,changes_requested,3,78,10
840,423,phoenix-billing-service,ana.lopez,2024-05-15 11:00:00,approved,1,40,10
841,424,phoenix-mobile-api,james.taylor,2024-05-06 19:00:00,approved,0,32,10
842,424,phoenix-mobile-api,james.taylor,2024-05-06 07:00:00,changes_requested,4,17,10
843,425,phoenix-customer-platform,david.kumar,2024-05-11 02:00:00,approved,1,85,10
844,425,phoenix-customer-platform,james.taylor,2024-05-11 07:00:00,approved,2,47,10
845,425,phoenix-customer-platform,ana.lopez,2024-05-11 11:00:00,approved,1,76,10
846,426,phoenix-web-frontend,ana.lopez,2024-05-14 10:00:00,changes_requested,7,70,10
847,426,phoenix-web-frontend,david.kumar,2024-05-14 01:00:00,approved,1,24,10
848,426,phoenix-web-frontend,david.kumar,2024-05-14 05:00:00,approved,0,31,10
849,427,phoenix-billing-service,tom.garcia,2024-05-13 03:00:00,approved,2,63,10
850,427,phoenix-billing-service,david.kumar,2024-05-13 04:00:00,approved,2,52,10
851,427,phoenix-billing-service,ana.lopez,2024-05-13 02:00:00,changes_requested,8,12,10
852,428,phoenix-billing-service,james.taylor,2024-05-12 10:00:00,approved,5,44,10
853,428,phoenix-billing-service,james.taylor,2024-05-12 17:00:00,approved,1,78,10
854,428,phoenix-billing-service,james.taylor,2024-05-12 23:00:00,approved,1,18,10
855,429,phoenix-auth-service,david.kumar,2024-05-15 04:00:00,changes_requested,5,66,10
856,429,phoenix-auth-service,tom.garcia,2024-05-15 02:00:00,approved,0,65,10
857,429,phoenix-auth-service,james.taylor,2024-05-15 01:00:00,approved,2,84,10
858,430,phoenix-customer-platform,james.taylor,2024-05-17 08:00:00,approved,0,38,10
859,430,phoenix-customer-platform,james.taylor,2024-05-17 12:00:00,approved,2,14,10
860,430,phoenix-customer-platform,james.taylor,2024-05-17 15:00:00,changes_requested,5,37,10
861,431,phoenix-billing-service,ana.lopez,2024-05-07 01:00:00,approved,2,68,10
862,432,phoenix-shared-components,ana.lopez,2024-05-18 03:00:00,approved,2,35,10
863,433,phoenix-billing-service,tom.garcia,2024-05-16 14:00:00,approved,1,39,10
864,434,phoenix-shared-components,david.kumar,2024-05-14 13:00:00,approved,0,72,10
865,434,phoenix-shared-components,ana.lopez,2024-05-14 10:00:00,approved,2,38,10
866,434,phoenix-shared-components,david.kumar,2024-05-14 09:00:00,approved,1,40,10
867,435,phoenix-billing-service,ana.lopez,2024-05-11 01:00:00,approved,1,25,10
868,435,phoenix-billing-service,david.kumar,2024-05-11 04:00:00,changes_requested,6,29,10
869,435,phoenix-billing-service,james.taylor,2024-05-11 07:00:00,approved,0,20,10
870,436,phoenix-shared-components,tom.garcia,2024-05-14 23:00:00,approved,2,90,10
871,437,phoenix-auth-service,james.taylor,2024-05-17 16:00:00,approved,2,46,10
872,437,phoenix-auth-service,james.taylor,2024-05-17 05:00:00,approved,1,47,10
873,438,phoenix-customer-platform,david.kumar,2024-05-13 00:00:00,approved,0,76,10
874,439,phoenix-mobile-api,james.taylor,2024-05-18 17:00:00,changes_requested,3,39,10
875,439,phoenix-mobile-api,ana.lopez,2024-05-18 02:00:00,approved,6,46,10
876,440,phoenix-auth-service,james.taylor,2024-05-07 23:00:00,approved,1,23,10
877,440,phoenix-auth-service,david.kumar,2024-05-07 17:00:00,approved,0,69,10
878,440,phoenix-auth-service,david.kumar,2024-05-07 21:00:00,approved,2,23,10
879,441,phoenix-shared-components,david.kumar,2024-05-08 03:00:00,approved,2,78,10
880,442,phoenix-customer-platform,tom.garcia,2024-05-07 08:00:00,approved,0,44,10
881,442,phoenix-customer-platform,tom.garcia,2024-05-07 13:00:00,approved,1,39,10
882,442,phoenix-customer-platform,ana.lopez,2024-05-07 08:00:00,approved,2,77,10
883,443,phoenix-web-frontend,james.taylor,2024-05-16 02:00:00,changes_requested,4,39,10
884,443,phoenix-web-frontend,ana.lopez,2024-05-16 03:00:00,changes_requested,2,67,10
885,444,phoenix-shared-components,tom.garcia,2024-05-11 09:00:00,approved,2,68,10
886,445,phoenix-billing-service,tom.garcia,2024-05-15 04:00:00,approved,2,86,10
887,445,phoenix-billing-service,david.kumar,2024-05-15 15:00:00,approved,3,64,10
888,445,phoenix-billing-service,james.taylor,2024-05-15 17:00:00,approved,3,52,10
889,446,phoenix-mobile-api,ana.lopez,2024-05-13 13:00:00,approved,0,66,10
890,446,phoenix-mobile-api,david.kumar,2024-05-13 10:00:00,approved,1,67,10
891,447,phoenix-shared-components,james.taylor,2024-05-18 01:00:00,changes_requested,2,53,10
892,447,phoenix-shared-components,james.taylor,2024-05-18 18:00:00,approved,0,37,10
893,447,phoenix-shared-components,tom.garcia,2024-05-18 09:00:00,changes_requested,3,82,10
894,448,phoenix-shared-components,james.taylor,2024-05-07 02:00:00,changes_requested,6,67,10
895,449,phoenix-shared-components,ana.lopez,2024-05-18 09:00:00,approved,2,46,10
896,449,phoenix-shared-components,david.kumar,2024-05-18 01:00:00,approved,2,86,10
897,450,phoenix-shared-components,james.taylor,2024-05-13 03:00:00,approved,2,10,10
898,450,phoenix-shared-components,david.kumar,2024-05-13 04:00:00,approved,2,59,10
899,450,phoenix-shared-components,james.taylor,2024-05-13 02:00:00,approved,2,33,10
900,451,phoenix-customer-platform,tom.garcia,2024-05-21 04:00:00,approved,0,73,11
901,451,phoenix-customer-platform,david.kumar,2024-05-21 04:00:00,approved,2,86,11
902,452,phoenix-shared-components,tom.garcia,2024-05-27 01:00:00,approved,2,83,11
903,452,phoenix-shared-components,tom.garcia,2024-05-27 02:00:00,approved,0,23,11
904,452,phoenix-shared-components,tom.garcia,2024-05-27 04:00:00,approved,1,10,11
905,453,phoenix-web-frontend,tom.garcia,2024-05-20 02:00:00,approved,2,29,11
906,453,phoenix-web-frontend,james.taylor,2024-05-20 05:00:00,approved,1,46,11
907,453,phoenix-web-frontend,ana.lopez,2024-05-20 15:00:00,approved,2,34,11
908,454,phoenix-web-frontend,tom.garcia,2024-05-31 05:00:00,approved,2,52,11
909,454,phoenix-web-frontend,david.kumar,2024-05-31 12:00:00,approved,1,69,11
910,454,phoenix-web-frontend,ana.lopez,2024-05-31 17:00:00,approved,0,57,11
911,455,phoenix-web-frontend,tom.garcia,2024-05-23 09:00:00,approved,0,10,11
912,455,phoenix-web-frontend,david.kumar,2024-05-23 05:00:00,approved,2,29,11
913,455,phoenix-web-frontend,david.kumar,2024-05-23 10:00:00,approved,0,67,11
914,456,phoenix-auth-service,tom.garcia,2024-05-31 14:00:00,changes_requested,7,34,11
915,457,phoenix-auth-service,james.taylor,2024-05-27 01:00:00,approved,0,69,11
916,457,phoenix-auth-service,tom.garcia,2024-05-27 03:00:00,approved,2,80,11
917,457,phoenix-auth-service,ana.lopez,2024-05-27 01:00:00,approved,2,61,11
918,458,phoenix-shared-components,james.taylor,2024-05-22 03:00:00,approved,2,53,11
919,458,phoenix-shared-components,tom.garcia,2024-05-22 04:00:00,approved,0,32,11
920,458,phoenix-shared-components,tom.garcia,2024-05-22 01:00:00,approved,0,50,11
921,459,phoenix-customer-platform,james.taylor,2024-05-31 09:00:00,approved,0,52,11
922,459,phoenix-customer-platform,ana.lopez,2024-05-31 01:00:00,approved,3,44,11
923,459,phoenix-customer-platform,ana.lopez,2024-05-31 11:00:00,approved,3,40,11
924,460,phoenix-billing-service,tom.garcia,2024-05-20 15:00:00,approved,0,17,11
925,460,phoenix-billing-service,james.taylor,2024-05-20 18:00:00,approved,2,62,11
926,460,phoenix-billing-service,ana.lopez,2024-05-20 05:00:00,approved,0,81,11
927,461,phoenix-shared-components,ana.lopez,2024-05-28 06:00:00,approved,7,32,11
928,461,phoenix-shared-components,david.kumar,2024-05-28 01:00:00,approved,2,77,11
929,462,phoenix-web-frontend,tom.garcia,2024-05-24 02:00:00,approved,1,85,11
930,463,phoenix-customer-platform,david.kumar,2024-05-29 01:00:00,approved,0,10,11
931,464,phoenix-mobile-api,tom.garcia,2024-05-27 11:00:00,approved,1,17,11
932,464,phoenix-mobile-api,tom.garcia,2024-05-27 04:00:00,approved,1,42,11
933,464,phoenix-mobile-api,david.kumar,2024-05-28 02:00:00,approved,1,45,11
934,465,phoenix-mobile-api,ana.lopez,2024-05-27 14:00:00,approved,2,33,11
935,466,phoenix-shared-components,ana.lopez,2024-05-22 04:00:00,approved,7,83,11
936,467,phoenix-shared-components,david.kumar,2024-05-30 01:00:00,approved,3,34,11
937,467,phoenix-shared-components,james.taylor,2024-05-30 02:00:00,approved,0,37,11
938,468,phoenix-auth-service,james.taylor,2024-05-25 11:00:00,approved,2,79,11
939,468,phoenix-auth-service,ana.lopez,2024-05-25 15:00:00,approved,2,25,11
940,468,phoenix-auth-service,ana.lopez,2024-05-25 03:00:00,approved,1,14,11
941,469,phoenix-web-frontend,tom.garcia,2024-05-26 01:00:00,approved,2,20,11
942,470,phoenix-mobile-api,david.kumar,2024-05-26 01:00:00,approved,0,86,11
943,470,phoenix-mobile-api,ana.lopez,2024-05-26 04:00:00,approved,0,10,11
944,471,phoenix-customer-platform,james.taylor,2024-05-31 09:00:00,approved,2,32,11
945,471,phoenix-customer-platform,david.kumar,2024-05-31 13:00:00,approved,7,51,11
946,472,phoenix-mobile-api,ana.lopez,2024-05-27 12:00:00,approved,2,83,11
947,473,phoenix-web-frontend,david.kumar,2024-05-21 16:00:00,approved,0,23,11
948,473,phoenix-web-frontend,david.kumar,2024-05-21 04:00:00,approved,0,24,11
949,474,phoenix-mobile-api,james.taylor,2024-05-23 15:00:00,approved,0,47,11
950,474,phoenix-mobile-api,david.kumar,2024-05-23 01:00:00,approved,1,81,11
951,475,phoenix-web-frontend,tom.garcia,2024-05-21 01:00:00,approved,2,54,11
952,475,phoenix-web-frontend,james.taylor,2024-05-21 02:00:00,approved,0,90,11
953,475,phoenix-web-frontend,david.kumar,2024-05-21 02:00:00,approved,2,73,11
954,476,phoenix-auth-service,james.taylor,2024-05-30 03:00:00,approved,7,88,11
955,477,phoenix-web-frontend,tom.garcia,2024-05-25 03:00:00,approved,2,26,11
956,477,phoenix-web-frontend,david.kumar,2024-05-25 03:00:00,approved,1,69,11
957,478,phoenix-billing-service,david.kumar,2024-06-01 04:00:00,approved,0,28,11
958,478,phoenix-billing-service,james.taylor,2024-06-01 03:00:00,approved,2,12,11
959,478,phoenix-billing-service,david.kumar,2024-06-01 02:00:00,changes_requested,6,26,11
960,479,phoenix-web-frontend,tom.garcia,2024-05-23 08:00:00,approved,0,49,11
961,479,phoenix-web-frontend,james.taylor,2024-05-24 02:00:00,approved,7,12,11
962,480,phoenix-mobile-api,james.taylor,2024-05-22 04:00:00,approved,1,24,11
963,480,phoenix-mobile-api,tom.garcia,2024-05-22 01:00:00,approved,0,28,11
964,481,phoenix-shared-components,ana.lopez,2024-05-29 05:00:00,approved,2,61,11
965,481,phoenix-shared-components,david.kumar,2024-05-29 07:00:00,approved,2,42,11
966,481,phoenix-shared-components,ana.lopez,2024-05-29 11:00:00,changes_requested,4,26,11
967,482,phoenix-customer-platform,ana.lopez,2024-05-28 03:00:00,approved,2,12,11
968,483,phoenix-shared-components,david.kumar,2024-06-01 05:00:00,approved,2,88,11
969,483,phoenix-shared-components,tom.garcia,2024-06-01 12:00:00,approved,0,46,11
970,484,phoenix-billing-service,tom.garcia,2024-05-22 06:00:00,approved,1,48,11
971,484,phoenix-billing-service,james.taylor,2024-05-22 13:00:00,approved,0,71,11
972,485,phoenix-billing-service,david.kumar,2024-05-30 06:00:00,approved,2,22,11
973,486,phoenix-shared-components,tom.garcia,2024-05-26 08:00:00,approved,4,34,11
974,486,phoenix-shared-components,ana.lopez,2024-05-26 07:00:00,approved,7,63,11
975,487,phoenix-auth-service,ana.lopez,2024-05-28 02:00:00,approved,2,16,11
976,487,phoenix-auth-service,james.taylor,2024-05-28 03:00:00,approved,0,56,11
977,487,phoenix-auth-service,ana.lopez,2024-05-28 03:00:00,approved,2,11,11
978,488,phoenix-web-frontend,ana.lopez,2024-05-24 05:00:00,changes_requested,6,65,11
979,489,phoenix-mobile-api,ana.lopez,2024-05-20 02:00:00,approved,1,42,11
980,489,phoenix-mobile-api,tom.garcia,2024-05-20 13:00:00,approved,1,14,11
981,490,phoenix-mobile-api,ana.lopez,2024-05-22 01:00:00,approved,2,48,11
982,490,phoenix-mobile-api,tom.garcia,2024-05-22 01:00:00,approved,2,57,11
983,491,phoenix-web-frontend,ana.lopez,2024-05-30 03:00:00,approved,6,33,11
984,491,phoenix-web-frontend,tom.garcia,2024-05-30 01:00:00,approved,1,83,11
985,492,phoenix-customer-platform,ana.lopez,2024-05-22 15:00:00,approved,3,75,11
986,492,phoenix-customer-platform,tom.garcia,2024-05-22 03:00:00,approved,2,52,11
987,493,phoenix-billing-service,james.taylor,2024-05-30 10:00:00,changes_requested,6,38,11
988,493,phoenix-billing-service,david.kumar,2024-05-30 09:00:00,approved,1,53,11
989,493,phoenix-billing-service,david.kumar,2024-05-30 19:00:00,approved,1,66,11
990,494,phoenix-billing-service,james.taylor,2024-05-31 12:00:00,approved,5,79,11
991,494,phoenix-billing-service,tom.garcia,2024-05-31 09:00:00,approved,0,11,11
992,494,phoenix-billing-service,ana.lopez,2024-05-31 12:00:00,approved,0,54,11
993,495,phoenix-web-frontend,tom.garcia,2024-05-20 04:00:00,changes_requested,6,58,11
994,496,phoenix-shared-components,tom.garcia,2024-05-25 04:00:00,approved,1,58,11
995,497,phoenix-web-frontend,ana.lopez,2024-06-08 04:00:00,changes_requested,7,38,12
996,497,phoenix-web-frontend,david.kumar,2024-06-08 01:00:00,approved,1,34,12
997,498,phoenix-shared-components,ana.lopez,2024-06-15 19:00:00,approved,0,20,12
998,499,phoenix-shared-components,james.taylor,2024-06-07 10:00:00,changes_requested,7,52,12
999,499,phoenix-shared-components,james.taylor,2024-06-07 10:00:00,approved,1,59,12
1000,500,phoenix-web-frontend,james.taylor,2024-06-11 07:00:00,approved,0,74,12
1001,500,phoenix-web-frontend,tom.garcia,2024-06-12 00:00:00,approved,2,59,12
1002,500,phoenix-web-frontend,tom.garcia,2024-06-11 12:00:00,approved,1,43,12
1003,501,phoenix-customer-platform,david.kumar,2024-06-15 22:00:00,approved,1,56,12
1004,501,phoenix-customer-platform,james.taylor,2024-06-15 22:00:00,approved,1,69,12
1005,501,phoenix-customer-platform,james.taylor,2024-06-15 10:00:00,approved,3,59,12
1006,502,phoenix-shared-components,ana.lopez,2024-06-07 04:00:00,approved,2,17,12
1007,502,phoenix-shared-components,james.taylor,2024-06-07 04:00:00,approved,1,86,12
1008,503,phoenix-customer-platform,tom.garcia,2024-06-10 09:00:00,approved,2,62,12
1009,504,phoenix-web-frontend,david.kumar,2024-06-11 03:00:00,approved,5,74,12
1010,505,phoenix-customer-platform,david.kumar,2024-06-11 12:00:00,approved,2,77,12
1011,505,phoenix-customer-platform,tom.garcia,2024-06-11 16:00:00,approved,1,66,12
1012,506,phoenix-mobile-api,ana.lopez,2024-06-07 03:00:00,approved,0,38,12
1013,506,phoenix-mobile-api,tom.garcia,2024-06-07 14:00:00,approved,0,24,12
1014,507,phoenix-web-frontend,james.taylor,2024-06-08 04:00:00,approved,2,15,12
1015,508,phoenix-mobile-api,tom.garcia,2024-06-12 10:00:00,approved,1,14,12
1016,508,phoenix-mobile-api,tom.garcia,2024-06-12 11:00:00,approved,2,22,12
1017,509,phoenix-auth-service,ana.lopez,2024-06-06 10:00:00,approved,2,90,12
1018,509,phoenix-auth-service,david.kumar,2024-06-06 21:00:00,approved,0,75,12
1019,510,phoenix-auth-service,james.taylor,2024-06-15 10:00:00,approved,1,58,12
1020,510,phoenix-auth-service,david.kumar,2024-06-15 17:00:00,approved,1,67,12
1021,511,phoenix-web-frontend,ana.lopez,2024-06-05 14:00:00,approved,0,36,12
1022,511,phoenix-web-frontend,ana.lopez,2024-06-05 07:00:00,approved,1,26,12
1023,512,phoenix-mobile-api,james.taylor,2024-06-10 13:00:00,approved,5,89,12
1024,512,phoenix-mobile-api,tom.garcia,2024-06-10 03:00:00,approved,1,59,12
1025,512,phoenix-mobile-api,ana.lopez,2024-06-10 14:00:00,approved,0,87,12
1026,513,phoenix-customer-platform,james.taylor,2024-06-14 02:00:00,approved,0,73,12
1027,514,phoenix-billing-service,james.taylor,2024-06-09 06:00:00,approved,2,34,12
1028,514,phoenix-billing-service,james.taylor,2024-06-09 12:00:00,approved,1,19,12
1029,514,phoenix-billing-service,ana.lopez,2024-06-09 15:00:00,approved,1,55,12
1030,515,phoenix-shared-components,james.taylor,2024-06-15 21:00:00,approved,4,30,12
1031,515,phoenix-shared-components,tom.garcia,2024-06-15 13:00:00,approved,7,35,12
1032,515,phoenix-shared-components,ana.lopez,2024-06-16 04:00:00,approved,2,42,12
1033,516,phoenix-mobile-api,james.taylor,2024-06-15 02:00:00,approved,4,68,12
1034,516,phoenix-mobile-api,james.taylor,2024-06-15 03:00:00,approved,0,64,12
1035,517,phoenix-web-frontend,ana.lopez,2024-06-12 02:00:00,approved,0,13,12
1036,518,phoenix-mobile-api,ana.lopez,2024-06-06 16:00:00,approved,0,81,12
1037,518,phoenix-mobile-api,tom.garcia,2024-06-06 07:00:00,approved,0,72,12
1038,518,phoenix-mobile-api,david.kumar,2024-06-06 08:00:00,approved,2,24,12
1039,519,phoenix-billing-service,james.taylor,2024-06-15 01:00:00,approved,1,11,12
1040,519,phoenix-billing-service,ana.lopez,2024-06-14 07:00:00,approved,2,15,12
1041,520,phoenix-billing-service,ana.lopez,2024-06-12 01:00:00,approved,0,79,12
1042,520,phoenix-billing-service,james.taylor,2024-06-12 01:00:00,approved,1,33,12
1043,520,phoenix-billing-service,ana.lopez,2024-06-12 03:00:00,approved,2,21,12
1044,521,phoenix-customer-platform,tom.garcia,2024-06-11 03:00:00,changes_requested,6,55,12
1045,522,phoenix-billing-service,james.taylor,2024-06-07 02:00:00,approved,2,13,12
1046,522,phoenix-billing-service,ana.lopez,2024-06-07 01:00:00,approved,1,22,12
1047,522,phoenix-billing-service,james.taylor,2024-06-07 01:00:00,approved,2,22,12
1048,523,phoenix-mobile-api,david.kumar,2024-06-12 13:00:00,changes_requested,4,34,12
1049,524,phoenix-billing-service,james.taylor,2024-06-11 01:00:00,approved,0,47,12
1050,524,phoenix-billing-service,david.kumar,2024-06-11 01:00:00,approved,2,71,12
1051,524,phoenix-billing-service,ana.lopez,2024-06-11 04:00:00,approved,2,42,12
1052,525,phoenix-auth-service,david.kumar,2024-06-14 02:00:00,approved,2,41,12
1053,525,phoenix-auth-service,james.taylor,2024-06-14 01:00:00,approved,2,86,12
1054,525,phoenix-auth-service,tom.garcia,2024-06-14 04:00:00,approved,0,53,12
1055,526,phoenix-customer-platform,ana.lopez,2024-06-10 03:00:00,approved,1,79,12
1056,526,phoenix-customer-platform,david.kumar,2024-06-10 03:00:00,approved,1,35,12
1057,526,phoenix-customer-platform,david.kumar,2024-06-10 01:00:00,approved,2,51,12
1058,527,phoenix-web-frontend,james.taylor,2024-06-04 03:00:00,approved,2,55,12
1059,528,phoenix-mobile-api,james.taylor,2024-06-04 06:00:00,approved,1,61,12
1060,528,phoenix-mobile-api,james.taylor,2024-06-04 08:00:00,approved,0,55,12
1061,528,phoenix-mobile-api,david.kumar,2024-06-04 05:00:00,approved,0,62,12
1062,529,phoenix-auth-service,james.taylor,2024-06-06 04:00:00,changes_requested,2,41,12
1063,530,phoenix-shared-components,tom.garcia,2024-06-05 03:00:00,approved,2,41,12
1064,531,phoenix-customer-platform,james.taylor,2024-06-07 01:00:00,approved,1,15,12
1065,531,phoenix-customer-platform,james.taylor,2024-06-07 00:00:00,approved,0,24,12
1066,532,phoenix-billing-service,james.taylor,2024-06-07 02:00:00,approved,0,44,12
1067,532,phoenix-billing-service,david.kumar,2024-06-07 04:00:00,approved,1,29,12
1068,533,phoenix-mobile-api,tom.garcia,2024-06-15 07:00:00,approved,1,33,12
1069,533,phoenix-mobile-api,david.kumar,2024-06-15 08:00:00,approved,3,57,12
1070,533,phoenix-mobile-api,james.taylor,2024-06-15 03:00:00,approved,0,12,12
1071,534,phoenix-billing-service,james.taylor,2024-06-06 10:00:00,approved,0,38,12
1072,534,phoenix-billing-service,james.taylor,2024-06-06 01:00:00,approved,0,77,12
1073,535,phoenix-billing-service,ana.lopez,2024-06-10 02:00:00,approved,2,75,12
1074,535,phoenix-billing-service,ana.lopez,2024-06-10 01:00:00,changes_requested,4,61,12
1075,535,phoenix-billing-service,ana.lopez,2024-06-10 03:00:00,approved,0,25,12
1076,536,phoenix-billing-service,david.kumar,2024-06-03 04:00:00,approved,2,17,12
1077,536,phoenix-billing-service,james.taylor,2024-06-03 01:00:00,changes_requested,7,15,12
1078,536,phoenix-billing-service,james.taylor,2024-06-03 04:00:00,approved,0,51,12
1079,537,phoenix-web-frontend,tom.garcia,2024-06-09 03:00:00,approved,2,73,12
1080,537,phoenix-web-frontend,david.kumar,2024-06-09 04:00:00,approved,0,56,12
1081,537,phoenix-web-frontend,james.taylor,2024-06-09 02:00:00,changes_requested,2,20,12
1082,538,phoenix-mobile-api,ana.lopez,2024-06-10 03:00:00,approved,2,30,12
1083,539,phoenix-web-frontend,david.kumar,2024-06-11 02:00:00,changes_requested,3,73,12
1084,540,phoenix-mobile-api,tom.garcia,2024-06-05 10:00:00,approved,0,79,12
1085,541,phoenix-billing-service,james.taylor,2024-06-03 20:00:00,approved,0,53,12
1086,542,phoenix-web-frontend,tom.garcia,2024-06-06 09:00:00,approved,0,61,12
1087,543,phoenix-web-frontend,james.taylor,2024-06-08 03:00:00,approved,2,11,12
1088,544,phoenix-shared-components,tom.garcia,2024-06-12 03:00:00,approved,2,52,12
1089,544,phoenix-shared-components,david.kumar,2024-06-12 01:00:00,approved,2,81,12
1090,545,phoenix-auth-service,david.kumar,2024-06-05 06:00:00,changes_requested,2,41,12
1091,545,phoenix-auth-service,james.taylor,2024-06-05 13:00:00,approved,1,77,12
1092,545,phoenix-auth-service,tom.garcia,2024-06-05 08:00:00,changes_requested,8,59,12
1093,546,phoenix-shared-components,james.taylor,2024-06-05 04:00:00,approved,1,77,12
1094,546,phoenix-shared-components,tom.garcia,2024-06-05 02:00:00,changes_requested,2,36,12
1095,547,phoenix-billing-service,david.kumar,2024-06-13 08:00:00,approved,1,73,12
1096,547,phoenix-billing-service,ana.lopez,2024-06-14 04:00:00,approved,1,39,12
1097,548,phoenix-billing-service,ana.lopez,2024-06-10 01:00:00,approved,0,57,12
1098,548,phoenix-billing-service,james.taylor,2024-06-10 01:00:00,changes_requested,7,54,12
1099,548,phoenix-billing-service,ana.lopez,2024-06-10 02:00:00,approved,1,75,12
1100,549,phoenix-customer-platform,ana.lopez,2024-06-15 09:00:00,changes_requested,2,39,12
1101,549,phoenix-customer-platform,james.taylor,2024-06-15 02:00:00,approved,1,68,12
1102,549,phoenix-customer-platform,james.taylor,2024-06-15 09:00:00,approved,2,75,12
1103,550,phoenix-web-frontend,david.kumar,2024-06-03 01:00:00,approved,1,16,12
1104,551,phoenix-shared-components,david.kumar,2024-06-07 15:00:00,approved,2,38,12
1105,551,phoenix-shared-components,tom.garcia,2024-06-07 12:00:00,approved,1,64,12
1106,551,phoenix-shared-components,david.kumar,2024-06-07 01:00:00,approved,2,42,12
1107,552,phoenix-shared-components,james.taylor,2024-06-11 02:00:00,approved,0,87,12
1108,553,phoenix-billing-service,ana.lopez,2024-06-13 03:00:00,approved,2,90,12
1109,553,phoenix-billing-service,ana.lopez,2024-06-13 02:00:00,approved,0,75,12
1110,554,phoenix-auth-service,david.kumar,2024-06-14 00:00:00,approved,1,39,12
1111,554,phoenix-auth-service,ana.lopez,2024-06-13 15:00:00,approved,2,20,12
1112,554,phoenix-auth-service,james.taylor,2024-06-13 16:00:00,approved,1,66,12
1113,555,phoenix-billing-service,david.kumar,2024-06-06 12:00:00,approved,2,49,12
1114,555,phoenix-billing-service,ana.lopez,2024-06-06 12:00:00,approved,2,31,12
1115,555,phoenix-billing-service,ana.lopez,2024-06-06 06:00:00,approved,2,23,12
1116,556,phoenix-auth-service,david.kumar,2024-06-14 18:00:00,approved,1,83,12
1117,556,phoenix-auth-service,tom.garcia,2024-06-14 04:00:00,approved,2,35,12
1118,557,phoenix-shared-components,david.kumar,2024-06-18 12:00:00,approved,1,59,13
1119,558,phoenix-shared-components,ana.lopez,2024-06-22 03:00:00,approved,0,80,13
1120,558,phoenix-shared-components,ana.lopez,2024-06-22 01:00:00,approved,2,73,13
1121,558,phoenix-shared-components,tom.garcia,2024-06-22 03:00:00,changes_requested,5,49,13
1122,559,phoenix-auth-service,james.taylor,2024-06-21 04:00:00,changes_requested,5,34,13
1123,559,phoenix-auth-service,david.kumar,2024-06-21 14:00:00,approved,1,64,13
1124,559,phoenix-auth-service,david.kumar,2024-06-21 02:00:00,changes_requested,8,73,13
1125,560,phoenix-mobile-api,james.taylor,2024-06-22 03:00:00,approved,1,71,13
1126,560,phoenix-mobile-api,james.taylor,2024-06-22 04:00:00,approved,0,64,13
1127,560,phoenix-mobile-api,david.kumar,2024-06-22 02:00:00,approved,0,24,13
1128,561,phoenix-shared-components,tom.garcia,2024-06-19 09:00:00,approved,1,20,13
1129,561,phoenix-shared-components,ana.lopez,2024-06-20 05:00:00,changes_requested,6,43,13
1130,561,phoenix-shared-components,david.kumar,2024-06-19 18:00:00,approved,0,86,13
1131,562,phoenix-shared-components,james.taylor,2024-06-17 17:00:00,changes_requested,3,63,13
1132,562,phoenix-shared-components,tom.garcia,2024-06-17 02:00:00,approved,0,72,13
1133,562,phoenix-shared-components,david.kumar,2024-06-17 01:00:00,approved,1,11,13
1134,563,phoenix-auth-service,tom.garcia,2024-06-17 08:00:00,approved,2,12,13
1135,564,phoenix-customer-platform,james.taylor,2024-06-28 02:00:00,approved,5,26,13
1136,564,phoenix-customer-platform,ana.lopez,2024-06-28 02:00:00,approved,1,50,13
1137,565,phoenix-mobile-api,david.kumar,2024-06-22 04:00:00,approved,1,83,13
1138,565,phoenix-mobile-api,james.taylor,2024-06-22 15:00:00,approved,2,57,13
1139,565,phoenix-mobile-api,david.kumar,2024-06-22 04:00:00,changes_requested,5,69,13
1140,566,phoenix-mobile-api,ana.lopez,2024-06-21 02:00:00,approved,4,77,13
1141,567,phoenix-billing-service,james.taylor,2024-06-25 02:00:00,approved,1,75,13
1142,568,phoenix-shared-components,david.kumar,2024-06-25 03:00:00,approved,2,18,13
1143,568,phoenix-shared-components,tom.garcia,2024-06-25 08:00:00,approved,1,44,13
1144,569,phoenix-billing-service,tom.garcia,2024-06-27 14:00:00,approved,0,75,13
1145,570,phoenix-customer-platform,ana.lopez,2024-06-21 22:00:00,approved,2,79,13
1146,571,phoenix-shared-components,james.taylor,2024-06-24 10:00:00,approved,0,57,13
1147,571,phoenix-shared-components,ana.lopez,2024-06-24 02:00:00,approved,2,50,13
1148,571,phoenix-shared-components,ana.lopez,2024-06-24 06:00:00,approved,1,88,13
1149,572,phoenix-customer-platform,ana.lopez,2024-06-19 06:00:00,approved,1,69,13
1150,572,phoenix-customer-platform,ana.lopez,2024-06-19 14:00:00,approved,0,76,13
1151,573,phoenix-billing-service,james.taylor,2024-06-20 01:00:00,approved,1,37,13
1152,573,phoenix-billing-service,tom.garcia,2024-06-20 03:00:00,approved,0,35,13
1153,574,phoenix-web-frontend,david.kumar,2024-06-22 07:00:00,approved,1,48,13
1154,574,phoenix-web-frontend,david.kumar,2024-06-22 17:00:00,changes_requested,7,49,13
1155,575,phoenix-billing-service,james.taylor,2024-06-24 01:00:00,approved,0,13,13
1156,575,phoenix-billing-service,james.taylor,2024-06-24 03:00:00,approved,5,55,13
1157,576,phoenix-auth-service,james.taylor,2024-06-18 01:00:00,approved,0,21,13
1158,576,phoenix-auth-service,ana.lopez,2024-06-18 04:00:00,approved,2,64,13
1159,576,phoenix-auth-service,ana.lopez,2024-06-18 03:00:00,approved,0,82,13
1160,577,phoenix-web-frontend,david.kumar,2024-06-23 02:00:00,changes_requested,8,28,13
1161,577,phoenix-web-frontend,james.taylor,2024-06-22 01:00:00,approved,6,58,13
1162,578,phoenix-auth-service,ana.lopez,2024-06-25 14:00:00,approved,1,29,13
1163,579,phoenix-billing-service,james.taylor,2024-06-24 02:00:00,approved,1,61,13
1164,580,phoenix-web-frontend,ana.lopez,2024-06-25 10:00:00,approved,5,88,13
1165,581,phoenix-customer-platform,david.kumar,2024-06-24 04:00:00,approved,1,43,13
1166,582,phoenix-web-frontend,james.taylor,2024-06-19 14:00:00,approved,0,34,13
1167,582,phoenix-web-frontend,james.taylor,2024-06-19 02:00:00,approved,0,16,13
1168,583,phoenix-billing-service,ana.lopez,2024-06-20 03:00:00,approved,1,39,13
1169,583,phoenix-billing-service,james.taylor,2024-06-20 02:00:00,approved,2,67,13
1170,583,phoenix-billing-service,james.taylor,2024-06-20 03:00:00,approved,1,21,13
1171,584,phoenix-shared-components,james.taylor,2024-06-21 01:00:00,approved,2,81,13
1172,585,phoenix-customer-platform,james.taylor,2024-06-22 20:00:00,changes_requested,2,79,13
1173,585,phoenix-customer-platform,david.kumar,2024-06-22 17:00:00,approved,1,74,13
1174,586,phoenix-customer-platform,ana.lopez,2024-06-17 18:00:00,approved,0,77,13
1175,587,phoenix-billing-service,james.taylor,2024-06-21 05:00:00,changes_requested,3,76,13
1176,587,phoenix-billing-service,ana.lopez,2024-06-21 02:00:00,approved,1,18,13
1177,587,phoenix-billing-service,ana.lopez,2024-06-21 16:00:00,changes_requested,8,32,13
1178,588,phoenix-customer-platform,david.kumar,2024-06-26 02:00:00,approved,1,72,13
1179,589,phoenix-auth-service,david.kumar,2024-06-28 03:00:00,changes_requested,7,65,13
1180,589,phoenix-auth-service,ana.lopez,2024-06-28 01:00:00,approved,0,66,13
1181,589,phoenix-auth-service,david.kumar,2024-06-28 04:00:00,approved,0,48,13
1182,590,phoenix-customer-platform,tom.garcia,2024-06-21 01:00:00,changes_requested,8,47,13
1183,590,phoenix-customer-platform,tom.garcia,2024-06-21 02:00:00,approved,2,34,13
1184,591,phoenix-shared-components,james.taylor,2024-06-17 05:00:00,approved,0,45,13
1185,591,phoenix-shared-components,james.taylor,2024-06-17 01:00:00,approved,0,60,13
1186,592,phoenix-web-frontend,tom.garcia,2024-06-19 00:00:00,approved,1,30,13
1187,592,phoenix-web-frontend,james.taylor,2024-06-18 05:00:00,approved,2,30,13
1188,592,phoenix-web-frontend,tom.garcia,2024-06-18 13:00:00,approved,2,47,13
1189,593,phoenix-billing-service,david.kumar,2024-06-26 09:00:00,approved,1,65,13
1190,594,phoenix-auth-service,david.kumar,2024-06-27 02:00:00,approved,2,60,13
1191,595,phoenix-web-frontend,david.kumar,2024-06-21 03:00:00,approved,0,25,13
1192,596,phoenix-billing-service,ana.lopez,2024-06-23 17:00:00,approved,0,56,13
1193,596,phoenix-billing-service,james.taylor,2024-06-23 03:00:00,approved,4,64,13
1194,596,phoenix-billing-service,david.kumar,2024-06-23 16:00:00,approved,2,46,13
1195,597,phoenix-billing-service,tom.garcia,2024-06-24 03:00:00,approved,2,25,13
1196,597,phoenix-billing-service,james.taylor,2024-06-24 01:00:00,approved,0,82,13
1197,598,phoenix-mobile-api,ana.lopez,2024-06-26 02:00:00,approved,3,38,13
1198,599,phoenix-web-frontend,tom.garcia,2024-06-17 15:00:00,approved,0,36,13
1199,599,phoenix-web-frontend,james.taylor,2024-06-17 02:00:00,approved,1,46,13
1200,599,phoenix-web-frontend,ana.lopez,2024-06-17 01:00:00,approved,1,48,13
1201,600,phoenix-customer-platform,ana.lopez,2024-06-26 12:00:00,approved,4,35,13
1202,600,phoenix-customer-platform,james.taylor,2024-06-26 02:00:00,approved,0,30,13
1203,601,phoenix-customer-platform,ana.lopez,2024-06-20 01:00:00,approved,2,70,13
1204,601,phoenix-customer-platform,david.kumar,2024-06-20 04:00:00,approved,1,75,13
1205,601,phoenix-customer-platform,james.taylor,2024-06-20 04:00:00,approved,2,36,13
1206,602,phoenix-shared-components,james.taylor,2024-06-21 06:00:00,changes_requested,4,48,13
1207,602,phoenix-shared-components,ana.lopez,2024-06-20 16:00:00,approved,0,73,13
1208,602,phoenix-shared-components,ana.lopez,2024-06-20 08:00:00,approved,1,36,13
