pr_number,repository,title,author,created_date,merged_date,status,lines_added,lines_deleted,files_changed,commits_count,review_time_hours,requested_reviewers,sprint_number
1,phoenix-customer-platform,Feature: billing implementation,james.taylor,2024-01-10 00:00:00,2024-01-10 05:00:00,merged,123,17,3,3,5,3,1
2,phoenix-mobile-api,Feature: authentication implementation,mark.smith,2024-01-09 00:00:00,2024-01-09 05:00:00,merged,141,28,7,4,5,3,1
3,phoenix-shared-components,Feature: api implementation,james.taylor,2024-01-11 00:00:00,2024-01-11 05:00:00,merged,175,23,8,3,5,3,1
4,phoenix-customer-platform,Feature: billing implementation,mark.smith,2024-01-06 00:00:00,2024-01-06 06:00:00,merged,192,36,5,3,6,3,1
5,phoenix-mobile-api,Feature: dashboard implementation,tom.garcia,2024-01-07 00:00:00,2024-01-07 06:00:00,merged,86,25,7,2,6,3,1
6,phoenix-auth-service,Feature: api implementation,james.taylor,2024-01-03 00:00:00,2024-01-03 04:00:00,merged,136,25,5,3,4,3,1
7,phoenix-web-frontend,Feature: api implementation,mark.smith,2024-01-11 00:00:00,2024-01-11 05:00:00,merged,192,19,9,4,5,3,1
8,phoenix-auth-service,Feature: authentication implementation,mark.smith,2024-01-13 00:00:00,2024-01-13 05:00:00,merged,133,4,10,5,5,3,1
9,phoenix-mobile-api,Feature: api implementation,tom.garcia,2024-01-08 00:00:00,2024-01-08 05:00:00,merged,70,27,8,6,5,3,1
10,phoenix-customer-platform,Feature: billing implementation,james.taylor,2024-01-09 00:00:00,2024-01-09 05:00:00,merged,103,21,12,6,5,3,1
11,phoenix-customer-platform,Feature: api implementation,ana.lopez,2024-01-01 00:00:00,2024-01-01 05:00:00,merged,78,4,3,4,5,3,1
12,phoenix-mobile-api,Feature: api implementation,mark.smith,2024-01-04 00:00:00,2024-01-04 05:00:00,merged,121,10,3,3,5,3,1
13,phoenix-auth-service,Feature: billing implementation,mark.smith,2024-01-04 00:00:00,2024-01-04 04:00:00,merged,157,8,12,5,4,3,1
14,phoenix-shared-components,Feature: api implementation,james.taylor,2024-01-09 00:00:00,2024-01-09 06:00:00,merged,35,6,7,1,6,3,1
15,phoenix-auth-service,Feature: api implementation,mark.smith,2024-01-11 00:00:00,2024-01-11 05:00:00,merged,25,11,7,5,5,3,1
16,phoenix-shared-components,Feature: dashboard implementation,james.taylor,2024-01-04 00:00:00,2024-01-04 04:00:00,merged,88,22,4,2,4,3,1
17,phoenix-web-frontend,Feature: dashboard implementation,mark.smith,2024-01-07 00:00:00,2024-01-07 06:00:00,merged,70,4,12,6,6,3,1
18,phoenix-billing-service,Feature: dashboard implementation,mark.smith,2024-01-10 00:00:00,2024-01-10 05:00:00,merged,108,24,10,2,5,3,1
19,phoenix-web-frontend,Feature: authentication implementation,mark.smith,2024-01-03 00:00:00,2024-01-03 04:00:00,merged,58,6,12,1,4,3,1
20,phoenix-customer-platform,Feature: authentication implementation,mark.smith,2024-01-09 00:00:00,2024-01-09 04:00:00,merged,38,8,9,6,4,3,1
21,phoenix-web-frontend,Feature: billing implementation,ana.lopez,2024-01-06 00:00:00,2024-01-06 05:00:00,merged,170,43,12,2,5,3,1
22,phoenix-billing-service,Feature: authentication implementation,tom.garcia,2024-01-03 00:00:00,2024-01-03 06:00:00,merged,106,26,8,5,6,3,1
23,phoenix-customer-platform,Feature: authentication implementation,ana.lopez,2024-01-13 00:00:00,2024-01-13 06:00:00,merged,153,17,8,5,6,3,1
24,phoenix-web-frontend,Feature: dashboard implementation,james.taylor,2024-01-09 00:00:00,2024-01-09 04:00:00,merged,52,10,8,2,4,3,1
25,phoenix-auth-service,Feature: billing implementation,mark.smith,2024-01-08 00:00:00,2024-01-08 06:00:00,merged,81,9,8,5,6,3,1
26,phoenix-mobile-api,Feature: authentication implementation,mark.smith,2024-01-09 00:00:00,2024-01-09 06:00:00,merged,94,24,8,1,6,3,1
27,phoenix-auth-service,Feature: api implementation,mark.smith,2024-01-10 00:00:00,2024-01-10 06:00:00,merged,53,13,6,4,6,3,1
28,phoenix-customer-platform,Feature: api implementation,james.taylor,2024-01-12 00:00:00,,open,127,5,4,6,4,3,1
29,phoenix-web-frontend,Feature: dashboard implementation,tom.garcia,2024-01-09 00:00:00,,closed,100,7,12,5,6,3,1
30,phoenix-billing-service,Feature: authentication implementation,david.kumar,2024-01-01 00:00:00,2024-01-01 06:00:00,merged,96,4,7,6,6,3,1
31,phoenix-mobile-api,Feature: dashboard implementation,ana.lopez,2024-01-02 00:00:00,2024-01-02 04:00:00,merged,65,10,6,1,4,3,1
32,phoenix-billing-service,Feature: api implementation,mark.smith,2024-01-12 00:00:00,2024-01-12 05:00:00,merged,146,0,10,4,5,3,1
33,phoenix-auth-service,Feature: billing implementation,mark.smith,2024-01-22 00:00:00,2024-01-22 08:00:00,merged,105,10,8,1,8,3,2
34,phoenix-customer-platform,Feature: billing implementation,mark.smith,2024-01-22 00:00:00,2024-01-22 06:00:00,merged,58,13,9,3,6,3,2
35,phoenix-auth-service,Feature: authentication implementation,mark.smith,2024-01-23 00:00:00,,closed,137,8,5,2,6,3,2
36,phoenix-shared-components,Feature: api implementation,ana.lopez,2024-01-23 00:00:00,2024-01-23 06:00:00,merged,72,7,2,6,6,3,2
37,phoenix-shared-components,Feature: dashboard implementation,tom.garcia,2024-01-20 00:00:00,2024-01-20 04:00:00,merged,134,38,11,4,4,3,2
38,phoenix-billing-service,Feature: authentication implementation,mark.smith,2024-01-23 00:00:00,2024-01-23 06:00:00,merged,21,5,7,5,6,3,2
39,phoenix-shared-components,Feature: billing implementation,tom.garcia,2024-01-23 00:00:00,2024-01-23 08:00:00,merged,40,15,10,1,8,3,2
40,phoenix-shared-components,Feature: api implementation,mark.smith,2024-01-19 00:00:00,2024-01-19 06:00:00,merged,147,3,9,4,6,3,2
41,phoenix-shared-components,Feature: dashboard implementation,tom.garcia,2024-01-24 00:00:00,2024-01-24 06:00:00,merged,146,30,7,6,6,3,2
42,phoenix-auth-service,Feature: dashboard implementation,david.kumar,2024-01-24 00:00:00,2024-01-24 04:00:00,merged,142,33,9,2,4,3,2
43,phoenix-customer-platform,Feature: dashboard implementation,tom.garcia,2024-01-16 00:00:00,2024-01-16 06:00:00,merged,133,14,11,3,6,3,2
44,phoenix-auth-service,Feature: authentication implementation,ana.lopez,2024-01-21 00:00:00,2024-01-21 08:00:00,merged,74,12,7,5,8,3,2
45,phoenix-web-frontend,Feature: billing implementation,mark.smith,2024-01-25 00:00:00,2024-01-25 08:00:00,merged,55,2,9,3,8,3,2
46,phoenix-billing-service,Feature: api implementation,james.taylor,2024-01-15 00:00:00,2024-01-15 08:00:00,merged,78,5,3,6,8,3,2
47,phoenix-billing-service,Feature: authentication implementation,mark.smith,2024-01-15 00:00:00,2024-01-15 08:00:00,merged,98,7,8,4,8,3,2
48,phoenix-web-frontend,Feature: dashboard implementation,ana.lopez,2024-01-26 00:00:00,,closed,192,45,11,1,8,3,2
49,phoenix-shared-components,Feature: dashboard implementation,david.kumar,2024-01-26 00:00:00,2024-01-26 08:00:00,merged,123,15,7,4,8,3,2
50,phoenix-billing-service,Feature: authentication implementation,mark.smith,2024-01-17 00:00:00,2024-01-17 06:00:00,merged,26,1,10,4,6,3,2
51,phoenix-billing-service,Feature: billing implementation,david.kumar,2024-01-15 00:00:00,2024-01-15 04:00:00,merged,110,3,7,2,4,3,2
52,phoenix-mobile-api,Feature: dashboard implementation,david.kumar,2024-01-17 00:00:00,2024-01-17 08:00:00,merged,94,24,2,5,8,3,2
53,phoenix-web-frontend,Feature: authentication implementation,ana.lopez,2024-01-24 00:00:00,2024-01-24 06:00:00,merged,113,0,3,3,6,3,2
54,phoenix-customer-platform,Feature: authentication implementation,tom.garcia,2024-01-22 00:00:00,2024-01-22 06:00:00,merged,119,31,5,5,6,3,2
55,phoenix-web-frontend,Feature: dashboard implementation,james.taylor,2024-01-15 00:00:00,2024-01-15 06:00:00,merged,177,45,8,1,6,3,2
56,phoenix-auth-service,Feature: billing implementation,mark.smith,2024-01-17 00:00:00,2024-01-17 04:00:00,merged,158,3,4,6,4,3,2
57,phoenix-billing-service,Feature: billing implementation,ana.lopez,2024-01-19 00:00:00,2024-01-19 04:00:00,merged,102,14,2,6,4,3,2
58,phoenix-mobile-api,Feature: dashboard implementation,tom.garcia,2024-01-26 00:00:00,,open,113,27,6,4,6,3,2
59,phoenix-shared-components,Feature: dashboard implementation,mark.smith,2024-01-23 00:00:00,2024-01-23 06:00:00,merged,146,39,3,3,6,3,2
60,phoenix-auth-service,Feature: authentication implementation,ana.lopez,2024-01-17 00:00:00,2024-01-17 04:00:00,merged,143,48,9,3,4,3,2
61,phoenix-auth-service,Feature: authentication implementation,mark.smith,2024-01-18 00:00:00,2024-01-18 06:00:00,merged,115,15,5,5,6,3,2
62,phoenix-shared-components,Feature: billing implementation,mark.smith,2024-01-27 00:00:00,2024-01-27 04:00:00,merged,105,30,8,2,4,3,2
63,phoenix-customer-platform,Feature: authentication implementation,tom.garcia,2024-01-25 00:00:00,2024-01-25 08:00:00,merged,53,10,6,1,8,3,2
64,phoenix-web-frontend,Feature: api implementation,ana.lopez,2024-01-22 00:00:00,2024-01-22 06:00:00,merged,48,1,12,1,6,3,2
65,phoenix-web-frontend,Feature: billing implementation,david.kumar,2024-01-29 00:00:00,2024-01-29 04:00:00,merged,253,63,11,2,4,3,3
66,phoenix-customer-platform,Feature: authentication implementation,mark.smith,2024-02-07 00:00:00,,closed,247,50,11,6,4,3,3
67,phoenix-customer-platform,Feature: dashboard implementation,mark.smith,2024-02-08 00:00:00,2024-02-08 04:00:00,merged,216,22,12,5,4,3,3
68,phoenix-customer-platform,Feature: api implementation,james.taylor,2024-01-29 00:00:00,2024-01-29 07:00:00,merged,280,12,5,1,7,3,3
69,phoenix-billing-service,Feature: billing implementation,tom.garcia,2024-02-06 00:00:00,2024-02-06 10:00:00,merged,284,6,12,6,10,3,3
70,phoenix-shared-components,Feature: dashboard implementation,mark.smith,2024-02-06 00:00:00,2024-02-06 07:00:00,merged,105,6,12,2,7,3,3
71,phoenix-shared-components,Feature: dashboard implementation,tom.garcia,2024-02-08 00:00:00,2024-02-08 10:00:00,merged,186,39,4,5,10,3,3
72,phoenix-customer-platform,Feature: api implementation,mark.smith,2024-02-01 00:00:00,2024-02-01 07:00:00,merged,237,8,9,4,7,3,3
73,phoenix-auth-service,Feature: authentication implementation,mark.smith,2024-02-01 00:00:00,2024-02-01 07:00:00,merged,191,23,5,4,7,3,3
74,phoenix-web-frontend,Feature: authentication implementation,mark.smith,2024-01-29 00:00:00,2024-01-29 10:00:00,merged,274,60,11,2,10,3,3
75,phoenix-shared-components,Feature: api implementation,tom.garcia,2024-01-30 00:00:00,2024-01-30 07:00:00,merged,21,2,8,6,7,3,3
76,phoenix-customer-platform,Feature: authentication implementation,david.kumar,2024-02-07 00:00:00,2024-02-07 07:00:00,merged,314,55,11,4,7,3,3
77,phoenix-auth-service,Feature: authentication implementation,ana.lopez,2024-01-29 00:00:00,2024-01-29 07:00:00,merged,248,47,10,2,7,3,3
78,phoenix-web-frontend,Feature: dashboard implementation,david.kumar,2024-02-06 00:00:00,2024-02-06 10:00:00,merged,187,27,6,2,10,3,3
79,phoenix-customer-platform,Feature: billing implementation,tom.garcia,2024-02-03 00:00:00,2024-02-03 04:00:00,merged,169,44,8,2,4,3,3
80,phoenix-web-frontend,Feature: authentication implementation,tom.garcia,2024-01-30 00:00:00,2024-01-30 10:00:00,merged,44,10,8,1,10,3,3
81,phoenix-web-frontend,Feature: billing implementation,mark.smith,2024-02-08 00:00:00,2024-02-08 10:00:00,merged,159,20,12,3,10,3,3
82,phoenix-billing-service,Feature: billing implementation,james.taylor,2024-02-10 00:00:00,2024-02-10 07:00:00,merged,166,53,11,5,7,3,3
83,phoenix-billing-service,Feature: authentication implementation,mark.smith,2024-02-08 00:00:00,2024-02-08 07:00:00,merged,224,25,7,5,7,3,3
84,phoenix-billing-service,Feature: dashboard implementation,james.taylor,2024-01-29 00:00:00,2024-01-29 07:00:00,merged,205,18,11,1,7,3,3
85,phoenix-billing-service,Feature: dashboard implementation,david.kumar,2024-02-09 00:00:00,2024-02-09 10:00:00,merged,165,34,5,1,10,3,3
86,phoenix-billing-service,Feature: api implementation,tom.garcia,2024-02-07 00:00:00,2024-02-07 07:00:00,merged,167,32,5,3,7,3,3
87,phoenix-billing-service,Feature: billing implementation,mark.smith,2024-01-29 00:00:00,2024-01-29 10:00:00,merged,319,10,10,1,10,3,3
88,phoenix-auth-service,Feature: authentication implementation,david.kumar,2024-02-04 00:00:00,2024-02-04 07:00:00,merged,159,28,6,1,7,3,3
89,phoenix-web-frontend,Feature: authentication implementation,mark.smith,2024-01-31 00:00:00,2024-01-31 07:00:00,merged,172,19,7,4,7,3,3
90,phoenix-auth-service,Feature: dashboard implementation,david.kumar,2024-02-10 00:00:00,2024-02-10 07:00:00,merged,303,0,2,1,7,3,3
91,phoenix-shared-components,Feature: billing implementation,david.kumar,2024-01-29 00:00:00,2024-01-29 04:00:00,merged,236,7,6,5,4,3,3
92,phoenix-shared-components,Feature: billing implementation,mark.smith,2024-02-07 00:00:00,2024-02-07 04:00:00,merged,357,73,4,1,4,3,3
93,phoenix-web-frontend,Feature: billing implementation,david.kumar,2024-02-03 00:00:00,2024-02-03 10:00:00,merged,134,18,5,6,10,3,3
94,phoenix-mobile-api,Feature: dashboard implementation,ana.lopez,2024-02-05 00:00:00,2024-02-05 07:00:00,merged,175,35,11,1,7,3,3
95,phoenix-mobile-api,Feature: api implementation,tom.garcia,2024-02-03 00:00:00,,open,156,31,2,6,4,3,3
96,phoenix-shared-components,Feature: authentication implementation,mark.smith,2024-02-07 00:00:00,2024-02-07 10:00:00,merged,95,5,12,5,10,3,3
97,phoenix-billing-service,Feature: billing implementation,mark.smith,2024-02-10 00:00:00,2024-02-10 10:00:00,merged,252,44,8,1,10,3,3
98,phoenix-mobile-api,Feature: api implementation,mark.smith,2024-02-07 00:00:00,2024-02-07 10:00:00,merged,172,17,8,4,10,3,3
99,phoenix-mobile-api,Feature: billing implementation,david.kumar,2024-02-04 00:00:00,2024-02-04 07:00:00,merged,233,45,9,4,7,3,3
100,phoenix-web-frontend,Feature: api implementation,mark.smith,2024-02-08 00:00:00,2024-02-08 10:00:00,merged,171,29,6,5,10,3,3
101,phoenix-customer-platform,Feature: api implementation,james.taylor,2024-02-17 00:00:00,2024-02-17 08:00:00,merged,91,13,9,2,8,3,4
102,phoenix-auth-service,Feature: api implementation,david.kumar,2024-02-23 00:00:00,,open,183,8,5,6,4,3,4
103,phoenix-billing-service,Feature: billing implementation,mark.smith,2024-02-23 00:00:00,2024-02-23 08:00:00,merged,155,29,6,6,8,3,4
104,phoenix-mobile-api,Feature: api implementation,tom.garcia,2024-02-13 00:00:00,2024-02-13 08:00:00,merged,137,28,2,4,8,3,4
105,phoenix-auth-service,Feature: dashboard implementation,ana.lopez,2024-02-15 00:00:00,2024-02-15 08:00:00,merged,149,5,9,2,8,3,4
106,phoenix-customer-platform,Feature: api implementation,mark.smith,2024-02-14 00:00:00,2024-02-14 04:00:00,merged,204,65,10,1,4,3,4
107,phoenix-customer-platform,Feature: dashboard implementation,tom.garcia,2024-02-14 00:00:00,2024-02-14 12:00:00,merged,442,96,9,4,12,3,4
108,phoenix-billing-service,Feature: api implementation,david.kumar,2024-02-21 00:00:00,2024-02-21 12:00:00,merged,157,56,11,6,12,3,4
109,phoenix-shared-components,Feature: authentication implementation,david.kumar,2024-02-21 00:00:00,2024-02-21 08:00:00,merged,242,36,5,3,8,3,4
110,phoenix-auth-service,Feature: dashboard implementation,james.taylor,2024-02-16 00:00:00,,open,204,47,8,4,8,3,4
111,phoenix-billing-service,Feature: dashboard implementation,mark.smith,2024-02-13 00:00:00,2024-02-13 08:00:00,merged,51,8,12,3,8,3,4
112,phoenix-customer-platform,Feature: authentication implementation,mark.smith,2024-02-21 00:00:00,2024-02-21 08:00:00,merged,215,16,3,4,8,3,4
113,phoenix-auth-service,Feature: api implementation,james.taylor,2024-02-14 00:00:00,2024-02-14 08:00:00,merged,162,35,12,4,8,3,4
114,phoenix-auth-service,Feature: dashboard implementation,mark.smith,2024-02-12 00:00:00,2024-02-12 12:00:00,merged,500,109,8,4,12,3,4
115,phoenix-auth-service,Feature: api implementation,mark.smith,2024-02-19 00:00:00,2024-02-19 12:00:00,merged,143,29,3,1,12,3,4
116,phoenix-auth-service,Feature: authentication implementation,tom.garcia,2024-02-16 00:00:00,,open,194,22,3,2,12,3,4
117,phoenix-billing-service,Feature: dashboard implementation,james.taylor,2024-02-13 00:00:00,2024-02-13 04:00:00,merged,186,6,12,1,4,3,4
118,phoenix-shared-components,Feature: dashboard implementation,mark.smith,2024-02-19 00:00:00,,open,85,17,8,3,4,3,4
119,phoenix-billing-service,Feature: billing implementation,mark.smith,2024-02-17 00:00:00,2024-02-17 04:00:00,merged,255,43,7,5,4,3,4
120,phoenix-auth-service,Feature: dashboard implementation,mark.smith,2024-02-13 00:00:00,2024-02-13 08:00:00,merged,287,51,5,1,8,3,4
121,phoenix-web-frontend,Feature: dashboard implementation,mark.smith,2024-02-23 00:00:00,2024-02-23 04:00:00,merged,314,51,7,1,4,3,4
122,phoenix-customer-platform,Feature: billing implementation,mark.smith,2024-02-12 00:00:00,2024-02-12 08:00:00,merged,128,0,3,5,8,3,4
123,phoenix-web-frontend,Feature: authentication implementation,mark.smith,2024-02-13 00:00:00,2024-02-13 04:00:00,merged,318,83,8,5,4,3,4
124,phoenix-auth-service,Feature: billing implementation,james.taylor,2024-02-18 00:00:00,2024-02-18 08:00:00,merged,76,2,6,3,8,3,4
125,phoenix-web-frontend,Feature: dashboard implementation,mark.smith,2024-02-14 00:00:00,2024-02-14 08:00:00,merged,188,40,5,3,8,3,4
126,phoenix-mobile-api,Feature: dashboard implementation,ana.lopez,2024-02-12 00:00:00,,closed,272,48,5,5,4,3,4
127,phoenix-customer-platform,Feature: authentication implementation,ana.lopez,2024-02-14 00:00:00,2024-02-14 12:00:00,merged,110,9,9,1,12,3,4
128,phoenix-auth-service,Feature: billing implementation,mark.smith,2024-02-12 00:00:00,2024-02-12 12:00:00,merged,161,17,5,5,12,3,4
129,phoenix-auth-service,Feature: billing implementation,david.kumar,2024-02-16 00:00:00,2024-02-16 12:00:00,merged,226,1,7,1,12,3,4
130,phoenix-billing-service,Feature: billing implementation,mark.smith,2024-02-21 00:00:00,2024-02-21 08:00:00,merged,195,15,8,2,8,3,4
131,phoenix-web-frontend,Feature: dashboard implementation,tom.garcia,2024-02-17 00:00:00,2024-02-17 04:00:00,merged,83,3,3,6,4,3,4
132,phoenix-billing-service,Feature: billing implementation,mark.smith,2024-02-21 00:00:00,,closed,143,56,2,4,8,3,4
133,phoenix-shared-components,Feature: billing implementation,david.kumar,2024-02-14 00:00:00,2024-02-14 12:00:00,merged,114,23,3,4,12,3,4
134,phoenix-shared-components,Feature: api implementation,james.taylor,2024-02-19 00:00:00,2024-02-19 08:00:00,merged,167,62,11,1,8,3,4
135,phoenix-billing-service,Feature: billing implementation,mark.smith,2024-02-13 00:00:00,,closed,129,36,3,2,12,3,4
136,phoenix-customer-platform,Feature: billing implementation,mark.smith,2024-02-23 00:00:00,2024-02-23 04:00:00,merged,316,55,4,6,4,3,4
137,phoenix-shared-components,Feature: dashboard implementation,mark.smith,2024-02-24 00:00:00,2024-02-24 08:00:00,merged,140,40,2,3,8,3,4
138,phoenix-customer-platform,Feature: api implementation,david.kumar,2024-02-23 00:00:00,2024-02-23 12:00:00,merged,206,31,3,4,12,3,4
139,phoenix-billing-service,Feature: authentication implementation,mark.smith,2024-02-20 00:00:00,2024-02-20 12:00:00,merged,322,16,6,3,12,3,4
140,phoenix-web-frontend,Feature: billing implementation,mark.smith,2024-02-18 00:00:00,2024-02-18 04:00:00,merged,108,15,2,2,4,3,4
141,phoenix-shared-components,Feature: api implementation,mark.smith,2024-02-20 00:00:00,2024-02-20 12:00:00,merged,211,18,4,2,12,3,4
142,phoenix-billing-service,Feature: api implementation,ana.lopez,2024-02-14 00:00:00,2024-02-14 04:00:00,merged,354,27,8,5,4,3,4
143,phoenix-customer-platform,Feature: dashboard implementation,mark.smith,2024-02-23 00:00:00,2024-02-23 08:00:00,merged,57,16,9,5,8,3,4
144,phoenix-customer-platform,Feature: api implementation,mark.smith,2024-02-16 00:00:00,2024-02-16 12:00:00,merged,221,11,9,4,12,3,4
145,phoenix-customer-platform,Feature: api implementation,mark.smith,2024-02-16 00:00:00,2024-02-16 08:00:00,merged,230,4,8,6,8,3,4
146,phoenix-mobile-api,Feature: billing implementation,mark.smith,2024-02-17 00:00:00,2024-02-17 08:00:00,merged,215,34,6,3,8,3,4
147,phoenix-customer-platform,Feature: authentication implementation,mark.smith,2024-02-22 00:00:00,2024-02-22 04:00:00,merged,106,30,11,3,4,3,4
148,phoenix-customer-platform,Feature: api implementation,james.taylor,2024-02-17 00:00:00,2024-02-17 08:00:00,merged,73,22,10,1,8,3,4
149,phoenix-customer-platform,Feature: authentication implementation,mark.smith,2024-03-07 00:00:00,2024-03-07 09:00:00,merged,194,54,4,2,9,3,5
150,phoenix-web-frontend,Feature: authentication implementation,mark.smith,2024-02-26 00:00:00,2024-02-26 14:00:00,merged,222,36,10,4,14,3,5
151,phoenix-billing-service,Feature: api implementation,mark.smith,2024-02-28 00:00:00,2024-02-28 09:00:00,merged,183,44,4,5,9,3,5
152,phoenix-web-frontend,Feature: billing implementation,tom.garcia,2024-03-09 00:00:00,2024-03-09 04:00:00,merged,171,6,10,2,4,3,5
153,phoenix-billing-service,Feature: billing implementation,david.kumar,2024-02-26 00:00:00,2024-02-26 14:00:00,merged,105,37,4,3,14,3,5
154,phoenix-mobile-api,Feature: dashboard implementation,david.kumar,2024-02-28 00:00:00,2024-02-28 14:00:00,merged,188,25,12,3,14,3,5
155,phoenix-auth-service,Feature: billing implementation,mark.smith,2024-03-07 00:00:00,2024-03-07 14:00:00,merged,281,16,11,5,14,3,5
156,phoenix-shared-components,Feature: billing implementation,mark.smith,2024-02-26 00:00:00,2024-02-26 04:00:00,merged,120,30,11,5,4,3,5
157,phoenix-mobile-api,Feature: billing implementation,mark.smith,2024-03-09 00:00:00,2024-03-09 09:00:00,merged,329,100,11,6,9,3,5
158,phoenix-auth-service,Feature: billing implementation,ana.lopez,2024-03-09 00:00:00,2024-03-09 04:00:00,merged,210,21,6,1,4,3,5
159,phoenix-shared-components,Feature: authentication implementation,mark.smith,2024-03-05 00:00:00,2024-03-05 14:00:00,merged,73,14,9,5,14,3,5
160,phoenix-web-frontend,Feature: dashboard implementation,mark.smith,2024-02-27 00:00:00,2024-02-27 09:00:00,merged,213,37,8,1,9,3,5
161,phoenix-customer-platform,Feature: billing implementation,mark.smith,2024-03-05 00:00:00,2024-03-05 14:00:00,merged,91,34,7,1,14,3,5
162,phoenix-mobile-api,Feature: api implementation,mark.smith,2024-03-02 00:00:00,2024-03-02 04:00:00,merged,281,5,2,5,4,3,5
163,phoenix-customer-platform,Feature: authentication implementation,james.taylor,2024-03-06 00:00:00,2024-03-06 14:00:00,merged,230,56,3,3,14,3,5
164,phoenix-mobile-api,Feature: api implementation,tom.garcia,2024-03-06 00:00:00,2024-03-06 09:00:00,merged,124,30,4,6,9,3,5
165,phoenix-mobile-api,Feature: api implementation,david.kumar,2024-03-02 00:00:00,2024-03-02 04:00:00,merged,322,35,10,6,4,3,5
166,phoenix-mobile-api,Feature: api implementation,mark.smith,2024-02-29 00:00:00,2024-02-29 04:00:00,merged,301,54,12,4,4,3,5
167,phoenix-shared-components,Feature: dashboard implementation,mark.smith,2024-02-27 00:00:00,2024-02-27 14:00:00,merged,343,76,7,4,14,3,5
168,phoenix-shared-components,Feature: api implementation,ana.lopez,2024-02-27 00:00:00,2024-02-27 09:00:00,merged,258,5,9,1,9,3,5
169,phoenix-billing-service,Feature: api implementation,david.kumar,2024-03-06 00:00:00,2024-03-06 04:00:00,merged,229,14,7,5,4,3,5
170,phoenix-customer-platform,Feature: authentication implementation,mark.smith,2024-02-28 00:00:00,2024-02-28 09:00:00,merged,140,40,3,3,9,3,5
171,phoenix-web-frontend,Feature: billing implementation,mark.smith,2024-03-02 00:00:00,,open,103,17,12,2,14,3,5
172,phoenix-customer-platform,Feature: dashboard implementation,mark.smith,2024-03-05 00:00:00,2024-03-05 09:00:00,merged,111,7,3,6,9,3,5
173,phoenix-shared-components,Feature: authentication implementation,ana.lopez,2024-03-05 00:00:00,2024-03-05 14:00:00,merged,214,9,8,3,14,3,5
174,phoenix-billing-service,Feature: api implementation,mark.smith,2024-03-07 00:00:00,2024-03-07 04:00:00,merged,257,54,6,5,4,3,5
175,phoenix-web-frontend,Feature: dashboard implementation,mark.smith,2024-02-27 00:00:00,2024-02-27 04:00:00,merged,160,0,3,5,4,3,5
176,phoenix-auth-service,Feature: api implementation,mark.smith,2024-03-05 00:00:00,2024-03-05 04:00:00,merged,249,71,4,2,4,3,5
177,phoenix-customer-platform,Feature: dashboard implementation,tom.garcia,2024-03-01 00:00:00,2024-03-01 04:00:00,merged,150,42,10,5,4,3,5
178,phoenix-mobile-api,Feature: dashboard implementation,david.kumar,2024-03-07 00:00:00,2024-03-07 14:00:00,merged,304,8,9,5,14,3,5
179,phoenix-mobile-api,Feature: authentication implementation,mark.smith,2024-02-27 00:00:00,2024-02-27 04:00:00,merged,206,13,6,3,4,3,5
180,phoenix-mobile-api,Feature: dashboard implementation,tom.garcia,2024-03-06 00:00:00,,open,303,67,2,5,4,3,5
181,phoenix-customer-platform,Feature: api implementation,mark.smith,2024-02-27 00:00:00,2024-02-27 04:00:00,merged,313,11,11,5,4,3,5
182,phoenix-web-frontend,Feature: billing implementation,mark.smith,2024-03-08 00:00:00,2024-03-08 04:00:00,merged,140,24,6,1,4,3,5
183,phoenix-customer-platform,Feature: authentication implementation,tom.garcia,2024-03-09 00:00:00,2024-03-09 14:00:00,merged,122,1,12,4,14,3,5
184,phoenix-web-frontend,Feature: authentication implementation,mark.smith,2024-03-01 00:00:00,2024-03-01 04:00:00,merged,180,13,9,5,4,3,5
185,phoenix-customer-platform,Feature: billing implementation,mark.smith,2024-03-03 00:00:00,2024-03-03 04:00:00,merged,233,53,2,5,4,3,5
186,phoenix-mobile-api,Feature: dashboard implementation,mark.smith,2024-03-03 00:00:00,2024-03-03 14:00:00,merged,269,45,10,2,14,3,5
187,phoenix-shared-components,Feature: api implementation,mark.smith,2024-03-06 00:00:00,2024-03-06 14:00:00,merged,263,42,6,5,14,3,5
188,phoenix-billing-service,Feature: api implementation,mark.smith,2024-02-29 00:00:00,,closed,201,35,10,6,9,3,5
189,phoenix-shared-components,Feature: billing implementation,mark.smith,2024-02-27 00:00:00,,open,114,3,3,5,14,3,5
190,phoenix-shared-components,Feature: authentication implementation,mark.smith,2024-03-04 00:00:00,2024-03-04 04:00:00,merged,83,23,8,2,4,3,5
191,phoenix-mobile-api,Feature: authentication implementation,tom.garcia,2024-02-29 00:00:00,2024-02-29 09:00:00,merged,124,41,11,6,9,3,5
192,phoenix-auth-service,Feature: dashboard implementation,mark.smith,2024-02-27 00:00:00,2024-02-27 09:00:00,merged,211,69,2,4,9,3,5
193,phoenix-web-frontend,Feature: api implementation,ana.lopez,2024-03-05 00:00:00,2024-03-05 04:00:00,merged,155,7,6,6,4,3,5
194,phoenix-auth-service,Feature: billing implementation,james.taylor,2024-03-23 00:00:00,2024-03-23 10:00:00,merged,91,8,6,3,10,3,6
195,phoenix-customer-platform,Feature: authentication implementation,mark.smith,2024-03-19 00:00:00,2024-03-19 10:00:00,merged,249,8,6,5,10,3,6
196,phoenix-auth-service,Feature: authentication implementation,mark.smith,2024-03-20 00:00:00,,open,246,38,12,3,4,3,6
197,phoenix-customer-platform,Feature: billing implementation,james.taylor,2024-03-15 00:00:00,2024-03-15 04:00:00,merged,104,26,7,2,4,3,6
198,phoenix-mobile-api,Feature: authentication implementation,james.taylor,2024-03-19 00:00:00,2024-03-19 16:00:00,merged,265,51,8,6,16,3,6
199,phoenix-customer-platform,Feature: dashboard implementation,mark.smith,2024-03-17 00:00:00,2024-03-17 16:00:00,merged,165,0,5,1,16,3,6
200,phoenix-auth-service,Feature: api implementation,mark.smith,2024-03-23 00:00:00,2024-03-23 16:00:00,merged,119,4,3,2,16,3,6
201,phoenix-web-frontend,Feature: billing implementation,mark.smith,2024-03-15 00:00:00,2024-03-15 04:00:00,merged,270,28,7,1,4,3,6
202,phoenix-auth-service,Feature: billing implementation,james.taylor,2024-03-21 00:00:00,2024-03-21 16:00:00,merged,207,58,3,4,16,3,6
203,phoenix-customer-platform,Feature: billing implementation,mark.smith,2024-03-17 00:00:00,2024-03-17 16:00:00,merged,307,0,3,4,16,3,6
204,phoenix-mobile-api,Feature: authentication implementation,tom.garcia,2024-03-21 00:00:00,2024-03-21 10:00:00,merged,250,16,8,1,10,3,6
205,phoenix-auth-service,Feature: authentication implementation,mark.smith,2024-03-14 00:00:00,,open,104,26,10,2,10,3,6
206,phoenix-auth-service,Feature: authentication implementation,mark.smith,2024-03-14 00:00:00,2024-03-14 04:00:00,merged,107,20,12,2,4,3,6
207,phoenix-shared-components,Feature: dashboard implementation,mark.smith,2024-03-11 00:00:00,2024-03-11 16:00:00,merged,172,58,3,5,16,3,6
208,phoenix-auth-service,Feature: dashboard implementation,ana.lopez,2024-03-23 00:00:00,2024-03-23 04:00:00,merged,271,37,10,2,4,3,6
209,phoenix-web-frontend,Feature: dashboard implementation,tom.garcia,2024-03-16 00:00:00,2024-03-16 16:00:00,merged,217,13,10,3,16,3,6
210,phoenix-mobile-api,Feature: billing implementation,tom.garcia,2024-03-19 00:00:00,2024-03-19 04:00:00,merged,411,88,4,6,4,3,6
211,phoenix-auth-service,Feature: api implementation,mark.smith,2024-03-20 00:00:00,,open,269,24,12,5,10,3,6
212,phoenix-web-frontend,Feature: authentication implementation,tom.garcia,2024-03-14 00:00:00,2024-03-14 04:00:00,merged,322,0,3,5,4,3,6
213,phoenix-customer-platform,Feature: dashboard implementation,david.kumar,2024-03-13 00:00:00,2024-03-13 16:00:00,merged,318,33,12,1,16,3,6
214,phoenix-mobile-api,Feature: billing implementation,ana.lopez,2024-03-13 00:00:00,2024-03-13 04:00:00,merged,225,37,2,6,4,3,6
215,phoenix-customer-platform,Feature: dashboard implementation,mark.smith,2024-03-12 00:00:00,2024-03-12 16:00:00,merged,210,45,7,6,16,3,6
216,phoenix-mobile-api,Feature: api implementation,james.taylor,2024-03-16 00:00:00,2024-03-16 16:00:00,merged,220,44,5,4,16,3,6
217,phoenix-billing-service,Feature: authentication implementation,david.kumar,2024-03-18 00:00:00,2024-03-18 10:00:00,merged,125,19,7,6,10,3,6
218,phoenix-customer-platform,Feature: api implementation,david.kumar,2024-03-18 00:00:00,,open,170,51,11,6,16,3,6
219,phoenix-billing-service,Feature: billing implementation,mark.smith,2024-03-13 00:00:00,2024-03-13 04:00:00,merged,149,11,4,2,4,3,6
220,phoenix-billing-service,Feature: billing implementation,mark.smith,2024-03-18 00:00:00,2024-03-18 10:00:00,merged,238,51,7,1,10,3,6
221,phoenix-shared-components,Feature: billing implementation,mark.smith,2024-03-23 00:00:00,2024-03-23 16:00:00,merged,285,8,3,3,16,3,6
222,phoenix-auth-service,Feature: billing implementation,tom.garcia,2024-03-13 00:00:00,2024-03-13 10:00:00,merged,58,1,8,4,10,3,6
223,phoenix-shared-components,Feature: authentication implementation,mark.smith,2024-03-17 00:00:00,2024-03-17 04:00:00,merged,200,63,5,1,4,3,6
224,phoenix-auth-service,Feature: dashboard implementation,mark.smith,2024-03-11 00:00:00,2024-03-11 16:00:00,merged,74,1,2,3,16,3,6
225,phoenix-web-frontend,Feature: api implementation,david.kumar,2024-03-13 00:00:00,2024-03-13 10:00:00,merged,181,25,7,1,10,3,6
226,phoenix-web-frontend,Feature: billing implementation,mark.smith,2024-03-11 00:00:00,2024-03-11 16:00:00,merged,234,58,10,2,16,3,6
227,phoenix-billing-service,Feature: billing implementation,david.kumar,2024-03-20 00:00:00,2024-03-20 04:00:00,merged,182,17,10,5,4,3,6
228,phoenix-web-frontend,Feature: api implementation,david.kumar,2024-03-19 00:00:00,2024-03-19 10:00:00,merged,124,29,9,4,10,3,6
229,phoenix-mobile-api,Feature: billing implementation,mark.smith,2024-03-16 00:00:00,2024-03-16 16:00:00,merged,169,36,3,3,16,3,6
230,phoenix-shared-components,Feature: dashboard implementation,mark.smith,2024-03-17 00:00:00,2024-03-17 04:00:00,merged,264,30,6,4,4,3,6
231,phoenix-auth-service,Feature: api implementation,mark.smith,2024-03-15 00:00:00,,closed,102,32,6,6,16,3,6
232,phoenix-billing-service,Feature: billing implementation,mark.smith,2024-03-23 00:00:00,,closed,205,34,12,3,16,3,6
233,phoenix-shared-components,Feature: dashboard implementation,ana.lopez,2024-04-03 00:00:00,2024-04-03 11:00:00,merged,350,38,10,3,11,3,7
234,phoenix-shared-components,Feature: dashboard implementation,mark.smith,2024-04-06 00:00:00,2024-04-06 18:00:00,merged,231,42,3,6,18,3,7
235,phoenix-billing-service,Feature: authentication implementation,mark.smith,2024-03-29 00:00:00,2024-03-29 18:00:00,merged,520,33,8,6,18,3,7
236,phoenix-mobile-api,Feature: authentication implementation,mark.smith,2024-03-25 00:00:00,2024-03-25 04:00:00,merged,332,29,10,2,4,3,7
237,phoenix-auth-service,Feature: billing implementation,mark.smith,2024-04-01 00:00:00,2024-04-01 11:00:00,merged,52,11,7,3,11,3,7
238,phoenix-auth-service,Feature: billing implementation,tom.garcia,2024-03-30 00:00:00,2024-03-30 11:00:00,merged,338,22,2,4,11,3,7
239,phoenix-billing-service,Feature: authentication implementation,mark.smith,2024-04-06 00:00:00,2024-04-06 18:00:00,merged,271,3,5,5,18,3,7
240,phoenix-billing-service,Feature: authentication implementation,ana.lopez,2024-04-03 00:00:00,2024-04-03 11:00:00,merged,463,61,7,2,11,3,7
241,phoenix-shared-components,Feature: billing implementation,mark.smith,2024-04-03 00:00:00,2024-04-03 18:00:00,merged,212,59,4,5,18,3,7
242,phoenix-shared-components,Feature: billing implementation,mark.smith,2024-04-04 00:00:00,2024-04-04 04:00:00,merged,282,1,9,2,4,3,7
243,phoenix-customer-platform,Feature: dashboard implementation,mark.smith,2024-04-03 00:00:00,2024-04-03 18:00:00,merged,253,46,2,4,18,3,7
244,phoenix-customer-platform,Feature: api implementation,mark.smith,2024-04-02 00:00:00,2024-04-02 04:00:00,merged,316,58,10,3,4,3,7
245,phoenix-shared-components,Feature: api implementation,james.taylor,2024-03-31 00:00:00,2024-03-31 04:00:00,merged,128,43,9,6,4,3,7
246,phoenix-customer-platform,Feature: dashboard implementation,mark.smith,2024-03-27 00:00:00,2024-03-27 18:00:00,merged,273,52,7,1,18,3,7
247,phoenix-customer-platform,Feature: billing implementation,ana.lopez,2024-04-05 00:00:00,2024-04-05 18:00:00,merged,178,8,6,3,18,3,7
248,phoenix-customer-platform,Feature: dashboard implementation,tom.garcia,2024-03-31 00:00:00,2024-03-31 18:00:00,merged,239,0,3,2,18,3,7
249,phoenix-mobile-api,Feature: authentication implementation,mark.smith,2024-04-04 00:00:00,,open,461,20,4,1,4,3,7
250,phoenix-mobile-api,Feature: billing implementation,tom.garcia,2024-03-30 00:00:00,2024-03-30 04:00:00,merged,249,72,4,6,4,3,7
251,phoenix-customer-platform,Feature: authentication implementation,mark.smith,2024-03-27 00:00:00,2024-03-27 04:00:00,merged,166,27,8,5,4,3,7
252,phoenix-mobile-api,Feature: billing implementation,mark.smith,2024-04-01 00:00:00,2024-04-01 18:00:00,merged,465,70,4,5,18,3,7
253,phoenix-auth-service,Feature: authentication implementation,mark.smith,2024-03-27 00:00:00,2024-03-27 11:00:00,merged,390,153,12,4,11,3,7
254,phoenix-mobile-api,Feature: api implementation,mark.smith,2024-04-01 00:00:00,2024-04-01 18:00:00,merged,343,46,12,5,18,3,7
255,phoenix-auth-service,Feature: billing implementation,mark.smith,2024-03-30 00:00:00,2024-03-30 18:00:00,merged,127,21,5,1,18,3,7
256,phoenix-billing-service,Feature: api implementation,mark.smith,2024-03-26 00:00:00,2024-03-26 04:00:00,merged,234,49,8,5,4,3,7
257,phoenix-customer-platform,Feature: api implementation,mark.smith,2024-03-28 00:00:00,2024-03-28 11:00:00,merged,468,74,2,2,11,3,7
258,phoenix-auth-service,Feature: authentication implementation,mark.smith,2024-04-04 00:00:00,2024-04-04 18:00:00,merged,216,42,9,2,18,3,7
259,phoenix-billing-service,Feature: billing implementation,ana.lopez,2024-03-25 00:00:00,2024-03-25 11:00:00,merged,272,50,12,5,11,3,7
260,phoenix-web-frontend,Feature: dashboard implementation,ana.lopez,2024-03-30 00:00:00,2024-03-30 11:00:00,merged,478,47,2,3,11,3,7
261,phoenix-billing-service,Feature: dashboard implementation,james.taylor,2024-04-02 00:00:00,2024-04-02 04:00:00,merged,231,37,11,2,4,3,7
262,phoenix-shared-components,Feature: api implementation,mark.smith,2024-04-03 00:00:00,2024-04-03 18:00:00,merged,303,64,11,5,18,3,7
263,phoenix-customer-platform,Feature: billing implementation,mark.smith,2024-03-25 00:00:00,2024-03-25 11:00:00,merged,22,2,6,3,11,3,7
264,phoenix-billing-service,Feature: api implementation,mark.smith,2024-04-05 00:00:00,2024-04-05 11:00:00,merged,136,16,3,4,11,3,7
265,phoenix-web-frontend,Feature: billing implementation,tom.garcia,2024-04-06 00:00:00,2024-04-06 18:00:00,merged,315,33,4,1,18,3,7
266,phoenix-mobile-api,Feature: dashboard implementation,ana.lopez,2024-03-25 00:00:00,2024-03-25 04:00:00,merged,105,28,11,5,4,3,7
267,phoenix-mobile-api,Feature: authentication implementation,mark.smith,2024-03-28 00:00:00,2024-03-28 11:00:00,merged,370,67,10,3,11,3,7
268,phoenix-auth-service,Feature: dashboard implementation,mark.smith,2024-04-03 00:00:00,2024-04-03 11:00:00,merged,122,10,6,5,11,3,7
269,phoenix-customer-platform,Feature: authentication implementation,mark.smith,2024-04-06 00:00:00,2024-04-06 11:00:00,merged,250,63,3,3,11,3,7
270,phoenix-mobile-api,Feature: dashboard implementation,mark.smith,2024-03-25 00:00:00,2024-03-25 18:00:00,merged,239,41,8,5,18,3,7
271,phoenix-shared-components,Feature: billing implementation,tom.garcia,2024-04-03 00:00:00,2024-04-03 18:00:00,merged,563,8,12,1,18,3,7
272,phoenix-customer-platform,Feature: api implementation,mark.smith,2024-03-31 00:00:00,2024-03-31 11:00:00,merged,139,15,5,1,11,3,7
273,phoenix-shared-components,Feature: authentication implementation,mark.smith,2024-04-06 00:00:00,2024-04-06 18:00:00,merged,463,26,7,6,18,3,7
274,phoenix-web-frontend,Feature: api implementation,mark.smith,2024-04-06 00:00:00,2024-04-06 18:00:00,merged,335,58,6,1,18,3,7
275,phoenix-web-frontend,Feature: api implementation,mark.smith,2024-03-31 00:00:00,2024-03-31 11:00:00,merged,224,28,10,3,11,3,7
276,phoenix-customer-platform,Feature: billing implementation,mark.smith,2024-03-31 00:00:00,2024-03-31 11:00:00,merged,349,8,12,6,11,3,7
277,phoenix-customer-platform,Feature: dashboard implementation,mark.smith,2024-03-26 00:00:00,2024-03-26 11:00:00,merged,261,39,3,4,11,3,7
278,phoenix-mobile-api,Feature: billing implementation,mark.smith,2024-03-26 00:00:00,2024-03-26 11:00:00,merged,238,52,12,2,11,3,7
279,phoenix-auth-service,Feature: authentication implementation,tom.garcia,2024-03-29 00:00:00,2024-03-29 04:00:00,merged,235,3,4,6,4,3,7
280,phoenix-customer-platform,Feature: authentication implementation,tom.garcia,2024-04-06 00:00:00,2024-04-06 18:00:00,merged,246,9,2,1,18,3,7
281,phoenix-customer-platform,Feature: api implementation,david.kumar,2024-03-26 00:00:00,2024-03-26 04:00:00,merged,285,89,10,1,4,3,7
282,phoenix-billing-service,Feature: billing implementation,james.taylor,2024-03-30 00:00:00,,open,464,64,2,2,4,3,7
283,phoenix-shared-components,Feature: billing implementation,mark.smith,2024-04-05 00:00:00,2024-04-05 11:00:00,merged,477,122,2,5,11,3,7
284,phoenix-mobile-api,Feature: dashboard implementation,david.kumar,2024-03-25 00:00:00,2024-03-25 18:00:00,merged,162,17,5,4,18,3,7
285,phoenix-shared-components,Feature: dashboard implementation,mark.smith,2024-04-05 00:00:00,2024-04-05 11:00:00,merged,624,15,4,4,11,3,7
286,phoenix-web-frontend,Feature: api implementation,ana.lopez,2024-04-03 00:00:00,2024-04-03 18:00:00,merged,83,4,2,4,18,3,7
287,phoenix-billing-service,Feature: authentication implementation,james.taylor,2024-04-06 00:00:00,2024-04-06 04:00:00,merged,329,82,9,1,4,3,7
288,phoenix-customer-platform,Feature: dashboard implementation,tom.garcia,2024-04-02 00:00:00,2024-04-02 04:00:00,merged,348,29,11,4,4,3,7
289,phoenix-shared-components,Feature: authentication implementation,david.kumar,2024-03-30 00:00:00,2024-03-30 18:00:00,merged,409,25,10,6,18,3,7
290,phoenix-billing-service,Feature: dashboard implementation,mark.smith,2024-03-30 00:00:00,2024-03-30 18:00:00,merged,228,0,4,4,18,3,7
291,phoenix-web-frontend,Feature: dashboard implementation,mark.smith,2024-04-02 00:00:00,2024-04-02 18:00:00,merged,350,37,3,6,18,3,7
292,phoenix-customer-platform,Feature: api implementation,james.taylor,2024-04-04 00:00:00,2024-04-04 18:00:00,merged,251,10,7,2,18,3,7
293,phoenix-web-frontend,Feature: authentication implementation,mark.smith,2024-04-18 00:00:00,,closed,193,31,12,5,12,3,8
294,phoenix-shared-components,Feature: billing implementation,mark.smith,2024-04-10 00:00:00,2024-04-10 20:00:00,merged,432,60,10,1,20,3,8
295,phoenix-billing-service,Feature: dashboard implementation,mark.smith,2024-04-14 00:00:00,2024-04-14 20:00:00,merged,347,40,12,3,20,3,8
296,phoenix-billing-service,Feature: authentication implementation,mark.smith,2024-04-11 00:00:00,2024-04-11 04:00:00,merged,183,13,8,5,4,3,8
297,phoenix-billing-service,Feature: billing implementation,mark.smith,2024-04-08 00:00:00,2024-04-08 12:00:00,merged,467,114,4,2,12,3,8
298,phoenix-billing-service,Feature: dashboard implementation,mark.smith,2024-04-10 00:00:00,2024-04-10 04:00:00,merged,253,98,8,1,4,3,8
299,phoenix-customer-platform,Feature: dashboard implementation,mark.smith,2024-04-16 00:00:00,,closed,415,85,4,6,20,3,8
300,phoenix-mobile-api,Feature: dashboard implementation,mark.smith,2024-04-10 00:00:00,2024-04-10 04:00:00,merged,370,96,8,1,4,3,8
301,phoenix-mobile-api,Feature: authentication implementation,mark.smith,2024-04-17 00:00:00,2024-04-17 12:00:00,merged,238,32,8,2,12,3,8
302,phoenix-web-frontend,Feature: dashboard implementation,david.kumar,2024-04-10 00:00:00,2024-04-10 04:00:00,merged,207,10,6,3,4,3,8
303,phoenix-billing-service,Feature: billing implementation,mark.smith,2024-04-18 00:00:00,2024-04-18 12:00:00,merged,394,3,2,3,12,3,8
304,phoenix-billing-service,Feature: billing implementation,james.taylor,2024-04-16 00:00:00,2024-04-16 12:00:00,merged,429,43,11,6,12,3,8
305,phoenix-mobile-api,Feature: dashboard implementation,mark.smith,2024-04-15 00:00:00,2024-04-15 04:00:00,merged,372,6,10,2,4,3,8
306,phoenix-auth-service,Feature: authentication implementation,ana.lopez,2024-04-20 00:00:00,2024-04-20 04:00:00,merged,321,84,2,6,4,3,8
307,phoenix-web-frontend,Feature: api implementation,mark.smith,2024-04-20 00:00:00,2024-04-20 04:00:00,merged,441,111,12,4,4,3,8
308,phoenix-web-frontend,Feature: authentication implementation,ana.lopez,2024-04-15 00:00:00,2024-04-15 20:00:00,merged,241,59,5,2,20,3,8
309,phoenix-web-frontend,Feature: authentication implementation,mark.smith,2024-04-11 00:00:00,2024-04-11 04:00:00,merged,302,31,10,6,4,3,8
310,phoenix-auth-service,Feature: dashboard implementation,mark.smith,2024-04-19 00:00:00,2024-04-19 12:00:00,merged,303,76,6,6,12,3,8
311,phoenix-web-frontend,Feature: authentication implementation,mark.smith,2024-04-15 00:00:00,,closed,230,5,9,5,4,3,8
312,phoenix-mobile-api,Feature: dashboard implementation,mark.smith,2024-04-18 00:00:00,2024-04-18 12:00:00,merged,382,40,6,6,12,3,8
313,phoenix-web-frontend,Feature: billing implementation,ana.lopez,2024-04-10 00:00:00,2024-04-10 12:00:00,merged,508,57,4,1,12,3,8
314,phoenix-auth-service,Feature: authentication implementation,mark.smith,2024-04-09 00:00:00,2024-04-09 20:00:00,merged,305,57,7,6,20,3,8
315,phoenix-customer-platform,Feature: api implementation,mark.smith,2024-04-13 00:00:00,2024-04-13 12:00:00,merged,445,94,3,1,12,3,8
316,phoenix-customer-platform,Feature: authentication implementation,mark.smith,2024-04-14 00:00:00,2024-04-14 12:00:00,merged,392,62,3,6,12,3,8
317,phoenix-shared-components,Feature: authentication implementation,mark.smith,2024-04-14 00:00:00,2024-04-14 12:00:00,merged,326,2,4,3,12,3,8
318,phoenix-shared-components,Feature: authentication implementation,mark.smith,2024-04-20 00:00:00,2024-04-20 04:00:00,merged,185,71,5,2,4,3,8
319,phoenix-auth-service,Feature: dashboard implementation,mark.smith,2024-04-12 00:00:00,2024-04-12 20:00:00,merged,416,40,12,1,20,3,8
320,phoenix-billing-service,Feature: authentication implementation,mark.smith,2024-04-20 00:00:00,2024-04-20 20:00:00,merged,246,47,6,2,20,3,8
321,phoenix-auth-service,Feature: billing implementation,tom.garcia,2024-04-09 00:00:00,2024-04-09 12:00:00,merged,399,73,7,6,12,3,8
322,phoenix-mobile-api,Feature: api implementation,ana.lopez,2024-04-08 00:00:00,,closed,438,46,11,5,20,3,8
323,phoenix-mobile-api,Feature: billing implementation,mark.smith,2024-04-15 00:00:00,2024-04-15 20:00:00,merged,251,53,9,5,20,3,8
324,phoenix-shared-components,Feature: api implementation,mark.smith,2024-04-08 00:00:00,,closed,492,147,3,6,4,3,8
325,phoenix-web-frontend,Feature: api implementation,mark.smith,2024-04-08 00:00:00,2024-04-08 04:00:00,merged,196,26,5,1,4,3,8
326,phoenix-mobile-api,Feature: authentication implementation,mark.smith,2024-04-20 00:00:00,2024-04-20 04:00:00,merged,180,16,10,4,4,3,8
327,phoenix-mobile-api,Feature: api implementation,mark.smith,2024-04-15 00:00:00,2024-04-15 20:00:00,merged,437,69,6,5,20,3,8
328,phoenix-auth-service,Feature: dashboard implementation,mark.smith,2024-04-09 00:00:00,2024-04-09 12:00:00,merged,342,85,4,4,12,3,8
329,phoenix-auth-service,Feature: authentication implementation,ana.lopez,2024-04-20 00:00:00,,closed,390,95,2,5,12,3,8
330,phoenix-billing-service,Feature: authentication implementation,mark.smith,2024-04-15 00:00:00,2024-04-15 20:00:00,merged,295,20,12,6,20,3,8
331,phoenix-customer-platform,Feature: billing implementation,tom.garcia,2024-04-15 00:00:00,2024-04-15 12:00:00,merged,237,87,7,2,12,3,8
332,phoenix-auth-service,Feature: dashboard implementation,tom.garcia,2024-04-15 00:00:00,2024-04-15 04:00:00,merged,162,18,3,6,4,3,8
333,phoenix-web-frontend,Feature: api implementation,mark.smith,2024-04-14 00:00:00,2024-04-14 04:00:00,merged,328,46,11,4,4,3,8
334,phoenix-mobile-api,Feature: dashboard implementation,mark.smith,2024-04-10 00:00:00,2024-04-10 12:00:00,merged,256,3,7,2,12,3,8
335,phoenix-web-frontend,Feature: dashboard implementation,james.taylor,2024-04-19 00:00:00,2024-04-19 20:00:00,merged,520,97,2,5,20,3,8
336,phoenix-mobile-api,Feature: api implementation,tom.garcia,2024-04-14 00:00:00,2024-04-14 12:00:00,merged,357,76,10,4,12,3,8
337,phoenix-web-frontend,Feature: billing implementation,mark.smith,2024-04-09 00:00:00,2024-04-09 12:00:00,merged,218,8,11,1,12,3,8
338,phoenix-auth-service,Feature: dashboard implementation,mark.smith,2024-04-20 00:00:00,2024-04-20 04:00:00,merged,243,76,2,5,4,3,8
339,phoenix-web-frontend,Feature: api implementation,mark.smith,2024-04-09 00:00:00,2024-04-09 04:00:00,merged,382,30,3,5,4,3,8
340,phoenix-auth-service,Feature: api implementation,tom.garcia,2024-04-10 00:00:00,2024-04-10 12:00:00,merged,174,26,4,2,12,3,8
341,phoenix-billing-service,Feature: billing implementation,mark.smith,2024-04-13 00:00:00,2024-04-13 20:00:00,merged,219,43,4,2,20,3,8
342,phoenix-customer-platform,Feature: dashboard implementation,ana.lopez,2024-04-15 00:00:00,2024-04-15 20:00:00,merged,398,88,7,6,20,3,8
343,phoenix-web-frontend,Feature: billing implementation,james.taylor,2024-04-12 00:00:00,2024-04-12 04:00:00,merged,304,36,9,6,4,3,8
344,phoenix-auth-service,Feature: api implementation,mark.smith,2024-04-19 00:00:00,2024-04-19 04:00:00,merged,267,71,8,4,4,3,8
345,phoenix-shared-components,Feature: api implementation,ana.lopez,2024-04-17 00:00:00,2024-04-17 04:00:00,merged,200,27,9,4,4,3,8
346,phoenix-auth-service,Feature: billing implementation,tom.garcia,2024-04-17 00:00:00,2024-04-17 04:00:00,merged,309,92,11,2,4,3,8
347,phoenix-web-frontend,Feature: authentication implementation,mark.smith,2024-04-08 00:00:00,2024-04-08 20:00:00,merged,96,11,10,1,20,3,8
348,phoenix-shared-components,Feature: authentication implementation,james.taylor,2024-04-23 00:00:00,2024-04-23 04:00:00,merged,137,27,9,1,4,3,9
349,phoenix-shared-components,Feature: dashboard implementation,mark.smith,2024-04-22 00:00:00,2024-04-22 13:00:00,merged,175,25,5,3,13,3,9
350,phoenix-customer-platform,Feature: billing implementation,mark.smith,2024-04-28 00:00:00,2024-04-28 22:00:00,merged,315,23,10,2,22,3,9
351,phoenix-customer-platform,Feature: billing implementation,mark.smith,2024-04-30 00:00:00,,closed,249,5,6,2,22,3,9
352,phoenix-mobile-api,Feature: authentication implementation,mark.smith,2024-04-24 00:00:00,2024-04-24 04:00:00,merged,411,74,9,5,4,3,9
353,phoenix-mobile-api,Feature: billing implementation,mark.smith,2024-04-28 00:00:00,,open,287,24,3,4,13,3,9
354,phoenix-mobile-api,Feature: billing implementation,mark.smith,2024-04-24 00:00:00,2024-04-24 13:00:00,merged,317,44,3,2,13,3,9
355,phoenix-customer-platform,Feature: authentication implementation,mark.smith,2024-04-29 00:00:00,2024-04-29 22:00:00,merged,284,83,3,6,22,3,9
356,phoenix-auth-service,Feature: dashboard implementation,mark.smith,2024-05-01 00:00:00,2024-05-01 13:00:00,merged,229,20,3,5,13,3,9
357,phoenix-customer-platform,Feature: billing implementation,mark.smith,2024-04-24 00:00:00,,open,338,43,3,5,22,3,9
358,phoenix-shared-components,Feature: dashboard implementation,mark.smith,2024-04-26 00:00:00,2024-04-26 13:00:00,merged,333,27,6,1,13,3,9
359,phoenix-billing-service,Feature: api implementation,mark.smith,2024-04-23 00:00:00,2024-04-23 13:00:00,merged,417,77,11,4,13,3,9
360,phoenix-shared-components,Feature: dashboard implementation,mark.smith,2024-04-24 00:00:00,2024-04-24 13:00:00,merged,146,8,4,3,13,3,9
361,phoenix-shared-components,Feature: billing implementation,mark.smith,2024-05-01 00:00:00,2024-05-01 22:00:00,merged,448,23,9,2,22,3,9
362,phoenix-mobile-api,Feature: dashboard implementation,mark.smith,2024-04-27 00:00:00,2024-04-27 13:00:00,merged,499,3,5,6,13,3,9
363,phoenix-customer-platform,Feature: dashboard implementation,mark.smith,2024-04-22 00:00:00,2024-04-22 13:00:00,merged,309,60,9,2,13,3,9
364,phoenix-mobile-api,Feature: billing implementation,mark.smith,2024-04-25 00:00:00,2024-04-25 13:00:00,merged,387,1,9,3,13,3,9
365,phoenix-web-frontend,Feature: billing implementation,mark.smith,2024-04-23 00:00:00,2024-04-23 22:00:00,merged,370,96,9,5,22,3,9
366,phoenix-auth-service,Feature: api implementation,mark.smith,2024-04-26 00:00:00,2024-04-26 22:00:00,merged,228,59,4,2,22,3,9
367,phoenix-mobile-api,Feature: authentication implementation,david.kumar,2024-05-01 00:00:00,2024-05-01 13:00:00,merged,283,51,3,3,13,3,9
368,phoenix-auth-service,Feature: billing implementation,mark.smith,2024-05-02 00:00:00,2024-05-02 13:00:00,merged,362,10,11,3,13,3,9
369,phoenix-shared-components,Feature: dashboard implementation,mark.smith,2024-04-28 00:00:00,2024-04-28 22:00:00,merged,360,38,3,6,22,3,9
370,phoenix-customer-platform,Feature: api implementation,mark.smith,2024-04-26 00:00:00,2024-04-26 04:00:00,merged,148,45,4,2,4,3,9
371,phoenix-shared-components,Feature: api implementation,mark.smith,2024-05-01 00:00:00,,closed,287,65,12,4,13,3,9
372,phoenix-customer-platform,Feature: dashboard implementation,mark.smith,2024-04-25 00:00:00,,closed,351,4,9,1,4,3,9
373,phoenix-shared-components,Feature: authentication implementation,ana.lopez,2024-05-02 00:00:00,2024-05-02 04:00:00,merged,580,95,11,2,4,3,9
374,phoenix-auth-service,Feature: dashboard implementation,mark.smith,2024-04-23 00:00:00,,closed,373,50,5,6,13,3,9
375,phoenix-web-frontend,Feature: authentication implementation,ana.lopez,2024-04-23 00:00:00,2024-04-23 13:00:00,merged,481,107,7,1,13,3,9
376,phoenix-customer-platform,Feature: dashboard implementation,mark.smith,2024-04-30 00:00:00,2024-04-30 22:00:00,merged,208,52,7,2,22,3,9
377,phoenix-mobile-api,Feature: authentication implementation,mark.smith,2024-04-29 00:00:00,2024-04-29 22:00:00,merged,391,91,8,5,22,3,9
378,phoenix-auth-service,Feature: api implementation,mark.smith,2024-05-02 00:00:00,2024-05-02 13:00:00,merged,298,82,6,6,13,3,9
379,phoenix-shared-components,Feature: api implementation,mark.smith,2024-04-29 00:00:00,2024-04-29 04:00:00,merged,653,82,6,3,4,3,9
380,phoenix-auth-service,Feature: api implementation,mark.smith,2024-04-29 00:00:00,,open,147,33,12,3,13,3,9
381,phoenix-billing-service,Feature: dashboard implementation,mark.smith,2024-05-03 00:00:00,2024-05-03 22:00:00,merged,208,50,7,4,22,3,9
382,phoenix-shared-components,Feature: dashboard implementation,tom.garcia,2024-04-26 00:00:00,2024-04-26 04:00:00,merged,237,10,3,6,4,3,9
383,phoenix-auth-service,Feature: authentication implementation,mark.smith,2024-04-27 00:00:00,2024-04-27 04:00:00,merged,51,5,8,2,4,3,9
384,phoenix-auth-service,Feature: authentication implementation,mark.smith,2024-04-28 00:00:00,2024-04-28 22:00:00,merged,259,16,9,5,22,3,9
385,phoenix-web-frontend,Feature: billing implementation,mark.smith,2024-04-24 00:00:00,2024-04-24 22:00:00,merged,249,6,8,6,22,3,9
386,phoenix-shared-components,Feature: api implementation,james.taylor,2024-05-04 00:00:00,2024-05-04 04:00:00,merged,384,39,11,2,4,3,9
387,phoenix-mobile-api,Feature: billing implementation,mark.smith,2024-04-24 00:00:00,2024-04-24 13:00:00,merged,369,66,5,6,13,3,9
388,phoenix-mobile-api,Feature: billing implementation,mark.smith,2024-05-04 00:00:00,2024-05-04 22:00:00,merged,446,91,6,5,22,3,9
389,phoenix-shared-components,Feature: billing implementation,tom.garcia,2024-04-27 00:00:00,2024-04-27 22:00:00,merged,479,1,8,4,22,3,9
390,phoenix-web-frontend,Feature: authentication implementation,mark.smith,2024-04-28 00:00:00,2024-04-28 13:00:00,merged,169,2,2,2,13,3,9
391,phoenix-billing-service,Feature: api implementation,david.kumar,2024-04-30 00:00:00,2024-04-30 04:00:00,merged,185,26,3,4,4,3,9
392,phoenix-web-frontend,Feature: dashboard implementation,mark.smith,2024-04-30 00:00:00,2024-04-30 22:00:00,merged,329,88,11,6,22,3,9
393,phoenix-web-frontend,Feature: dashboard implementation,mark.smith,2024-05-07 00:00:00,,open,98,9,11,3,4,3,10
394,phoenix-billing-service,Feature: billing implementation,mark.smith,2024-05-18 00:00:00,2024-05-18 04:00:00,merged,656,29,7,2,4,3,10
395,phoenix-web-frontend,Feature: authentication implementation,mark.smith,2024-05-11 00:00:00,,closed,545,101,8,1,14,3,10
396,phoenix-billing-service,Feature: billing implementation,mark.smith,2024-05-12 00:00:00,2024-05-12 04:00:00,merged,305,3,3,6,4,3,10
397,phoenix-web-frontend,Feature: api implementation,james.taylor,2024-05-06 00:00:00,2024-05-07 00:00:00,merged,113,9,6,4,24,3,10
398,phoenix-customer-platform,Feature: authentication implementation,mark.smith,2024-05-06 00:00:00,,open,572,82,2,4,14,3,10
399,phoenix-billing-service,Feature: authentication implementation,tom.garcia,2024-05-14 00:00:00,,closed,281,28,6,5,4,3,10
400,phoenix-customer-platform,Feature: authentication implementation,mark.smith,2024-05-13 00:00:00,2024-05-13 04:00:00,merged,328,56,9,3,4,3,10
401,phoenix-shared-components,Feature: api implementation,mark.smith,2024-05-07 00:00:00,2024-05-07 14:00:00,merged,124,11,5,5,14,3,10
402,phoenix-web-frontend,Feature: api implementation,mark.smith,2024-05-17 00:00:00,,closed,167,20,10,3,4,3,10
403,phoenix-customer-platform,Feature: dashboard implementation,mark.smith,2024-05-17 00:00:00,2024-05-17 14:00:00,merged,301,83,12,1,14,3,10
404,phoenix-mobile-api,Feature: authentication implementation,mark.smith,2024-05-07 00:00:00,2024-05-08 00:00:00,merged,280,86,11,6,24,3,10
405,phoenix-customer-platform,Feature: dashboard implementation,mark.smith,2024-05-15 00:00:00,2024-05-15 14:00:00,merged,231,0,3,5,14,3,10
406,phoenix-auth-service,Feature: dashboard implementation,mark.smith,2024-05-12 00:00:00,2024-05-13 00:00:00,merged,463,79,6,3,24,3,10
407,phoenix-customer-platform,Feature: dashboard implementation,mark.smith,2024-05-11 00:00:00,2024-05-12 00:00:00,merged,137,49,3,1,24,3,10
408,phoenix-shared-components,Feature: api implementation,mark.smith,2024-05-08 00:00:00,2024-05-08 04:00:00,merged,197,80,9,1,4,3,10
409,phoenix-billing-service,Feature: authentication implementation,james.taylor,2024-05-09 00:00:00,2024-05-09 04:00:00,merged,255,12,2,1,4,3,10
410,phoenix-customer-platform,Feature: billing implementation,mark.smith,2024-05-10 00:00:00,2024-05-10 14:00:00,merged,272,5,2,5,14,3,10
411,phoenix-customer-platform,Feature: dashboard implementation,mark.smith,2024-05-10 00:00:00,2024-05-10 14:00:00,merged,450,55,10,4,14,3,10
412,phoenix-shared-components,Feature: dashboard implementation,mark.smith,2024-05-08 00:00:00,2024-05-09 00:00:00,merged,149,18,3,4,24,3,10
413,phoenix-mobile-api,Feature: billing implementation,mark.smith,2024-05-07 00:00:00,2024-05-07 14:00:00,merged,107,26,11,1,14,3,10
414,phoenix-shared-components,Feature: api implementation,james.taylor,2024-05-13 00:00:00,2024-05-13 14:00:00,merged,389,61,7,5,14,3,10
415,phoenix-mobile-api,Feature: dashboard implementation,tom.garcia,2024-05-18 00:00:00,2024-05-19 00:00:00,merged,258,59,7,6,24,3,10
416,phoenix-auth-service,Feature: dashboard implementation,mark.smith,2024-05-08 00:00:00,2024-05-08 14:00:00,merged,213,25,2,6,14,3,10
417,phoenix-billing-service,Feature: dashboard implementation,mark.smith,2024-05-13 00:00:00,2024-05-13 14:00:00,merged,515,54,10,2,14,3,10
418,phoenix-billing-service,Feature: api implementation,ana.lopez,2024-05-13 00:00:00,2024-05-13 04:00:00,merged,260,16,7,1,4,3,10
419,phoenix-web-frontend,Feature: billing implementation,tom.garcia,2024-05-12 00:00:00,2024-05-12 14:00:00,merged,378,59,2,1,14,3,10
420,phoenix-customer-platform,Feature: authentication implementation,james.taylor,2024-05-10 00:00:00,2024-05-10 14:00:00,merged,278,67,2,5,14,3,10
421,phoenix-shared-components,Feature: billing implementation,mark.smith,2024-05-11 00:00:00,2024-05-11 04:00:00,merged,413,54,11,4,4,3,10
422,phoenix-customer-platform,Feature: billing implementation,david.kumar,2024-05-07 00:00:00,,open,468,9,7,1,24,3,10
423,phoenix-billing-service,Feature: dashboard implementation,mark.smith,2024-05-15 00:00:00,2024-05-16 00:00:00,merged,199,74,8,6,24,3,10
424,phoenix-mobile-api,Feature: dashboard implementation,mark.smith,2024-05-06 00:00:00,,open,461,67,8,3,24,3,10
425,phoenix-customer-platform,Feature: billing implementation,mark.smith,2024-05-11 00:00:00,2024-05-11 14:00:00,merged,480,59,9,4,14,3,10
426,phoenix-web-frontend,Feature: dashboard implementation,mark.smith,2024-05-14 00:00:00,2024-05-14 14:00:00,merged,483,36,11,2,14,3,10
427,phoenix-billing-service,Feature: billing implementation,mark.smith,2024-05-13 00:00:00,2024-05-13 04:00:00,merged,230,23,4,6,4,3,10
428,phoenix-billing-service,Feature: billing implementation,ana.lopez,2024-05-12 00:00:00,2024-05-13 00:00:00,merged,290,54,8,1,24,3,10
429,phoenix-auth-service,Feature: dashboard implementation,ana.lopez,2024-05-15 00:00:00,2024-05-15 04:00:00,merged,528,19,6,2,4,3,10
430,phoenix-customer-platform,Feature: api implementation,mark.smith,2024-05-17 00:00:00,2024-05-18 00:00:00,merged,92,14,11,2,24,3,10
431,phoenix-billing-service,Feature: api implementation,mark.smith,2024-05-07 00:00:00,2024-05-07 04:00:00,merged,201,13,8,2,4,3,10
432,phoenix-shared-components,Feature: dashboard implementation,mark.smith,2024-05-18 00:00:00,,open,51,6,9,2,4,3,10
433,phoenix-billing-service,Feature: authentication implementation,mark.smith,2024-05-16 00:00:00,,open,297,40,10,3,14,3,10
434,phoenix-shared-components,Feature: api implementation,mark.smith,2024-05-14 00:00:00,,open,489,79,11,1,14,3,10
435,phoenix-billing-service,Feature: authentication implementation,mark.smith,2024-05-11 00:00:00,2024-05-12 00:00:00,merged,461,125,10,3,24,3,10
436,phoenix-shared-components,Feature: dashboard implementation,ana.lopez,2024-05-14 00:00:00,2024-05-15 00:00:00,merged,378,16,11,5,24,3,10
437,phoenix-auth-service,Feature: authentication implementation,mark.smith,2024-05-17 00:00:00,2024-05-18 00:00:00,merged,581,80,2,3,24,3,10
438,phoenix-customer-platform,Feature: dashboard implementation,mark.smith,2024-05-12 00:00:00,2024-05-13 00:00:00,merged,105,2,9,3,24,3,10
439,phoenix-mobile-api,Feature: api implementation,mark.smith,2024-05-18 00:00:00,2024-05-19 00:00:00,merged,116,24,11,4,24,3,10
440,phoenix-auth-service,Feature: authentication implementation,mark.smith,2024-05-07 00:00:00,2024-05-08 00:00:00,merged,329,9,10,4,24,3,10
441,phoenix-shared-components,Feature: billing implementation,mark.smith,2024-05-08 00:00:00,2024-05-08 04:00:00,merged,348,64,5,6,4,3,10
442,phoenix-customer-platform,Feature: billing implementation,mark.smith,2024-05-07 00:00:00,2024-05-07 14:00:00,merged,222,49,2,3,14,3,10
443,phoenix-web-frontend,Feature: api implementation,david.kumar,2024-05-16 00:00:00,2024-05-16 04:00:00,merged,35,10,6,2,4,3,10
444,phoenix-shared-components,Feature: authentication implementation,james.taylor,2024-05-11 00:00:00,2024-05-12 00:00:00,merged,356,38,9,1,24,3,10
445,phoenix-billing-service,Feature: billing implementation,mark.smith,2024-05-15 00:00:00,2024-05-16 00:00:00,merged,163,6,2,6,24,3,10
446,phoenix-mobile-api,Feature: billing implementation,tom.garcia,2024-05-13 00:00:00,,open,296,23,5,1,14,3,10
447,phoenix-shared-components,Feature: authentication implementation,ana.lopez,2024-05-18 00:00:00,2024-05-19 00:00:00,merged,323,52,6,2,24,3,10
448,phoenix-shared-components,Feature: dashboard implementation,mark.smith,2024-05-07 00:00:00,2024-05-07 04:00:00,merged,237,25,5,1,4,3,10
449,phoenix-shared-components,Feature: api implementation,mark.smith,2024-05-18 00:00:00,2024-05-19 00:00:00,merged,170,8,11,5,24,3,10
450,phoenix-shared-components,Feature: dashboard implementation,mark.smith,2024-05-13 00:00:00,2024-05-13 04:00:00,merged,158,18,7,5,4,3,10
451,phoenix-customer-platform,Feature: dashboard implementation,mark.smith,2024-05-21 00:00:00,,closed,317,0,11,5,4,3,11
452,phoenix-shared-components,Feature: authentication implementation,mark.smith,2024-05-27 00:00:00,2024-05-27 04:00:00,merged,527,43,6,6,4,3,11
453,phoenix-web-frontend,Feature: authentication implementation,mark.smith,2024-05-20 00:00:00,2024-05-20 15:00:00,merged,209,35,12,4,15,3,11
454,phoenix-web-frontend,Feature: authentication implementation,mark.smith,2024-05-31 00:00:00,2024-06-01 02:00:00,merged,299,11,6,3,26,3,11
455,phoenix-web-frontend,Feature: billing implementation,ana.lopez,2024-05-23 00:00:00,2024-05-24 02:00:00,merged,170,56,10,3,26,3,11
456,phoenix-auth-service,Feature: billing implementation,ana.lopez,2024-05-31 00:00:00,2024-05-31 15:00:00,merged,158,10,9,6,15,3,11
457,phoenix-auth-service,Feature: api implementation,david.kumar,2024-05-27 00:00:00,2024-05-27 04:00:00,merged,311,62,4,3,4,3,11
458,phoenix-shared-components,Feature: dashboard implementation,mark.smith,2024-05-22 00:00:00,2024-05-22 04:00:00,merged,154,17,7,1,4,3,11
459,phoenix-customer-platform,Feature: billing implementation,david.kumar,2024-05-31 00:00:00,2024-05-31 15:00:00,merged,179,0,10,2,15,3,11
460,phoenix-billing-service,Feature: api implementation,mark.smith,2024-05-20 00:00:00,2024-05-21 02:00:00,merged,122,1,12,6,26,3,11
461,phoenix-shared-components,Feature: dashboard implementation,mark.smith,2024-05-28 00:00:00,2024-05-28 15:00:00,merged,512,47,5,4,15,3,11
462,phoenix-web-frontend,Feature: billing implementation,mark.smith,2024-05-23 00:00:00,2024-05-24 02:00:00,merged,291,66,8,5,26,3,11
463,phoenix-customer-platform,Feature: billing implementation,tom.garcia,2024-05-29 00:00:00,2024-05-29 04:00:00,merged,237,3,4,2,4,3,11
464,phoenix-mobile-api,Feature: authentication implementation,ana.lopez,2024-05-27 00:00:00,2024-05-28 02:00:00,merged,276,29,10,3,26,3,11
465,phoenix-mobile-api,Feature: api implementation,tom.garcia,2024-05-27 00:00:00,,open,325,42,4,2,15,3,11
466,phoenix-shared-components,Feature: dashboard implementation,tom.garcia,2024-05-22 00:00:00,,closed,194,81,4,2,26,3,11
467,phoenix-shared-components,Feature: api implementation,tom.garcia,2024-05-30 00:00:00,2024-05-30 04:00:00,merged,424,26,10,3,4,3,11
468,phoenix-auth-service,Feature: billing implementation,tom.garcia,2024-05-25 00:00:00,2024-05-25 15:00:00,merged,297,40,12,6,15,3,11
469,phoenix-web-frontend,Feature: dashboard implementation,mark.smith,2024-05-26 00:00:00,2024-05-26 04:00:00,merged,213,52,7,5,4,3,11
470,phoenix-mobile-api,Feature: api implementation,mark.smith,2024-05-26 00:00:00,2024-05-26 15:00:00,merged,299,41,3,2,15,3,11
471,phoenix-customer-platform,Feature: dashboard implementation,mark.smith,2024-05-31 00:00:00,2024-05-31 15:00:00,merged,249,20,11,4,15,3,11
472,phoenix-mobile-api,Feature: dashboard implementation,mark.smith,2024-05-27 00:00:00,2024-05-27 15:00:00,merged,29,1,10,2,15,3,11
473,phoenix-web-frontend,Feature: authentication implementation,mark.smith,2024-05-21 00:00:00,2024-05-22 02:00:00,merged,132,26,8,2,26,3,11
474,phoenix-mobile-api,Feature: authentication implementation,tom.garcia,2024-05-23 00:00:00,2024-05-24 02:00:00,merged,373,86,6,6,26,3,11
475,phoenix-web-frontend,Feature: api implementation,mark.smith,2024-05-21 00:00:00,2024-05-21 04:00:00,merged,349,91,12,3,4,3,11
476,phoenix-auth-service,Feature: api implementation,mark.smith,2024-05-30 00:00:00,,open,284,34,9,4,4,3,11
477,phoenix-web-frontend,Feature: dashboard implementation,mark.smith,2024-05-25 00:00:00,,open,410,2,9,3,4,3,11
478,phoenix-billing-service,Feature: dashboard implementation,mark.smith,2024-06-01 00:00:00,2024-06-01 04:00:00,merged,328,52,4,5,4,3,11
479,phoenix-web-frontend,Feature: dashboard implementation,mark.smith,2024-05-23 00:00:00,2024-05-24 02:00:00,merged,523,85,10,2,26,3,11
480,phoenix-mobile-api,Feature: dashboard implementation,mark.smith,2024-05-22 00:00:00,2024-05-22 04:00:00,merged,552,102,2,3,4,3,11
481,phoenix-shared-components,Feature: api implementation,mark.smith,2024-05-29 00:00:00,,open,219,21,6,5,15,3,11
482,phoenix-customer-platform,Feature: dashboard implementation,mark.smith,2024-05-28 00:00:00,2024-05-28 04:00:00,merged,141,19,8,4,4,3,11
483,phoenix-shared-components,Feature: billing implementation,mark.smith,2024-06-01 00:00:00,2024-06-01 15:00:00,merged,139,9,7,6,15,3,11
484,phoenix-billing-service,Feature: api implementation,david.kumar,2024-05-22 00:00:00,2024-05-22 15:00:00,merged,280,96,7,6,15,3,11
485,phoenix-billing-service,Feature: authentication implementation,mark.smith,2024-05-30 00:00:00,2024-05-31 02:00:00,merged,243,46,3,6,26,3,11
486,phoenix-shared-components,Feature: dashboard implementation,mark.smith,2024-05-26 00:00:00,2024-05-27 02:00:00,merged,123,28,10,4,26,3,11
487,phoenix-auth-service,Feature: authentication implementation,tom.garcia,2024-05-28 00:00:00,2024-05-28 04:00:00,merged,179,51,11,3,4,3,11
488,phoenix-web-frontend,Feature: authentication implementation,tom.garcia,2024-05-24 00:00:00,2024-05-24 15:00:00,merged,182,45,9,6,15,3,11
489,phoenix-mobile-api,Feature: api implementation,mark.smith,2024-05-20 00:00:00,2024-05-20 15:00:00,merged,488,5,7,3,15,3,11
490,phoenix-mobile-api,Feature: dashboard implementation,mark.smith,2024-05-21 00:00:00,2024-05-22 02:00:00,merged,466,113,11,5,26,3,11
491,phoenix-web-frontend,Feature: dashboard implementation,mark.smith,2024-05-30 00:00:00,2024-05-30 04:00:00,merged,252,49,3,3,4,3,11
492,phoenix-customer-platform,Feature: dashboard implementation,mark.smith,2024-05-22 00:00:00,2024-05-22 15:00:00,merged,374,42,4,5,15,3,11
493,phoenix-billing-service,Feature: api implementation,mark.smith,2024-05-30 00:00:00,2024-05-31 02:00:00,merged,223,71,3,1,26,3,11
494,phoenix-billing-service,Feature: authentication implementation,mark.smith,2024-05-31 00:00:00,2024-05-31 15:00:00,merged,208,36,3,1,15,3,11
495,phoenix-web-frontend,Feature: authentication implementation,mark.smith,2024-05-20 00:00:00,,open,398,38,10,6,26,3,11
496,phoenix-shared-components,Feature: api implementation,mark.smith,2024-05-25 00:00:00,2024-05-26 02:00:00,merged,299,51,5,1,26,3,11
497,phoenix-web-frontend,Feature: api implementation,mark.smith,2024-06-08 00:00:00,2024-06-08 04:00:00,merged,178,3,6,6,4,3,12
498,phoenix-shared-components,Feature: api implementation,mark.smith,2024-06-15 00:00:00,2024-06-16 04:00:00,merged,346,2,5,3,28,3,12
499,phoenix-shared-components,Feature: billing implementation,mark.smith,2024-06-07 00:00:00,2024-06-07 16:00:00,merged,163,54,7,5,16,3,12
500,phoenix-web-frontend,Feature: api implementation,mark.smith,2024-06-11 00:00:00,2024-06-12 04:00:00,merged,172,5,10,6,28,3,12
501,phoenix-customer-platform,Feature: authentication implementation,mark.smith,2024-06-15 00:00:00,2024-06-16 04:00:00,merged,331,10,4,2,28,3,12
502,phoenix-shared-components,Feature: billing implementation,mark.smith,2024-06-07 00:00:00,2024-06-07 04:00:00,merged,625,10,8,2,4,3,12
503,phoenix-customer-platform,Feature: billing implementation,mark.smith,2024-06-10 00:00:00,2024-06-10 16:00:00,merged,140,5,3,2,16,3,12
504,phoenix-web-frontend,Feature: authentication implementation,james.taylor,2024-06-11 00:00:00,2024-06-11 04:00:00,merged,472,55,4,5,4,3,12
505,phoenix-customer-platform,Feature: api implementation,mark.smith,2024-06-11 00:00:00,2024-06-12 04:00:00,merged,165,6,11,4,28,3,12
506,phoenix-mobile-api,Feature: dashboard implementation,mark.smith,2024-06-07 00:00:00,2024-06-07 16:00:00,merged,299,31,10,6,16,3,12
507,phoenix-web-frontend,Feature: dashboard implementation,mark.smith,2024-06-08 00:00:00,2024-06-08 04:00:00,merged,264,58,9,5,4,3,12
508,phoenix-mobile-api,Feature: api implementation,mark.smith,2024-06-12 00:00:00,2024-06-13 04:00:00,merged,235,21,5,5,28,3,12
509,phoenix-auth-service,Feature: billing implementation,mark.smith,2024-06-06 00:00:00,2024-06-07 04:00:00,merged,245,48,2,2,28,3,12
510,phoenix-auth-service,Feature: dashboard implementation,mark.smith,2024-06-15 00:00:00,2024-06-16 04:00:00,merged,232,28,12,3,28,3,12
511,phoenix-web-frontend,Feature: authentication implementation,tom.garcia,2024-06-05 00:00:00,2024-06-05 16:00:00,merged,404,27,9,1,16,3,12
512,phoenix-mobile-api,Feature: authentication implementation,mark.smith,2024-06-10 00:00:00,2024-06-10 16:00:00,merged,321,36,8,1,16,3,12
513,phoenix-customer-platform,Feature: dashboard implementation,mark.smith,2024-06-14 00:00:00,2024-06-14 16:00:00,merged,272,48,7,4,16,3,12
514,phoenix-billing-service,Feature: api implementation,mark.smith,2024-06-09 00:00:00,2024-06-09 16:00:00,merged,157,45,10,6,16,3,12
515,phoenix-shared-components,Feature: billing implementation,mark.smith,2024-06-15 00:00:00,2024-06-16 04:00:00,merged,206,26,2,3,28,3,12
516,phoenix-mobile-api,Feature: billing implementation,mark.smith,2024-06-15 00:00:00,2024-06-15 04:00:00,merged,504,3,6,6,4,3,12
517,phoenix-web-frontend,Feature: authentication implementation,mark.smith,2024-06-11 00:00:00,2024-06-12 04:00:00,merged,444,11,4,2,28,3,12
518,phoenix-mobile-api,Feature: billing implementation,mark.smith,2024-06-06 00:00:00,2024-06-06 16:00:00,merged,221,31,12,4,16,3,12
519,phoenix-billing-service,Feature: billing implementation,mark.smith,2024-06-14 00:00:00,2024-06-15 04:00:00,merged,367,87,11,2,28,3,12
520,phoenix-billing-service,Feature: api implementation,mark.smith,2024-06-12 00:00:00,2024-06-12 04:00:00,merged,276,95,6,3,4,3,12
521,phoenix-customer-platform,Feature: authentication implementation,david.kumar,2024-06-10 00:00:00,2024-06-11 04:00:00,merged,128,23,9,6,28,3,12
522,phoenix-billing-service,Feature: billing implementation,mark.smith,2024-06-07 00:00:00,,closed,392,17,5,4,4,3,12
523,phoenix-mobile-api,Feature: billing implementation,mark.smith,2024-06-12 00:00:00,2024-06-12 16:00:00,merged,264,28,3,2,16,3,12
524,phoenix-billing-service,Feature: billing implementation,mark.smith,2024-06-11 00:00:00,2024-06-11 04:00:00,merged,400,25,5,4,4,3,12
525,phoenix-auth-service,Feature: dashboard implementation,mark.smith,2024-06-14 00:00:00,,open,237,60,2,3,4,3,12
526,phoenix-customer-platform,Feature: api implementation,mark.smith,2024-06-10 00:00:00,2024-06-10 04:00:00,merged,63,21,7,5,4,3,12
527,phoenix-web-frontend,Feature: dashboard implementation,mark.smith,2024-06-04 00:00:00,2024-06-05 04:00:00,merged,91,11,4,2,28,3,12
528,phoenix-mobile-api,Feature: dashboard implementation,mark.smith,2024-06-04 00:00:00,2024-06-04 16:00:00,merged,395,86,10,5,16,3,12
529,phoenix-auth-service,Feature: authentication implementation,mark.smith,2024-06-06 00:00:00,2024-06-06 04:00:00,merged,232,61,4,2,4,3,12
530,phoenix-shared-components,Feature: api implementation,mark.smith,2024-06-05 00:00:00,2024-06-05 04:00:00,merged,171,47,9,5,4,3,12
531,phoenix-customer-platform,Feature: authentication implementation,david.kumar,2024-06-06 00:00:00,,open,264,65,10,2,28,3,12
532,phoenix-billing-service,Feature: api implementation,ana.lopez,2024-06-07 00:00:00,2024-06-07 16:00:00,merged,88,4,6,5,16,3,12
533,phoenix-mobile-api,Feature: dashboard implementation,mark.smith,2024-06-15 00:00:00,2024-06-15 16:00:00,merged,325,63,2,2,16,3,12
534,phoenix-billing-service,Feature: authentication implementation,mark.smith,2024-06-06 00:00:00,2024-06-07 04:00:00,merged,114,38,3,3,28,3,12
535,phoenix-billing-service,Feature: api implementation,david.kumar,2024-06-10 00:00:00,2024-06-10 04:00:00,merged,198,30,6,1,4,3,12
536,phoenix-billing-service,Feature: dashboard implementation,mark.smith,2024-06-03 00:00:00,,open,224,41,11,6,4,3,12
537,phoenix-web-frontend,Feature: dashboard implementation,mark.smith,2024-06-09 00:00:00,,closed,173,57,3,5,4,3,12
538,phoenix-mobile-api,Feature: api implementation,james.taylor,2024-06-10 00:00:00,2024-06-10 16:00:00,merged,199,60,8,6,16,3,12
539,phoenix-web-frontend,Feature: billing implementation,mark.smith,2024-06-11 00:00:00,2024-06-11 04:00:00,merged,479,111,2,3,4,3,12
540,phoenix-mobile-api,Feature: authentication implementation,james.taylor,2024-06-05 00:00:00,2024-06-05 16:00:00,merged,175,11,6,1,16,3,12
541,phoenix-billing-service,Feature: dashboard implementation,mark.smith,2024-06-03 00:00:00,2024-06-04 04:00:00,merged,515,75,12,2,28,3,12
542,phoenix-web-frontend,Feature: api implementation,mark.smith,2024-06-06 00:00:00,2024-06-06 16:00:00,merged,185,10,7,1,16,3,12
543,phoenix-web-frontend,Feature: authentication implementation,david.kumar,2024-06-08 00:00:00,2024-06-08 04:00:00,merged,464,46,6,4,4,3,12
544,phoenix-shared-components,Feature: dashboard implementation,mark.smith,2024-06-12 00:00:00,2024-06-12 04:00:00,merged,374,121,2,3,4,3,12
545,phoenix-auth-service,Feature: api implementation,ana.lopez,2024-06-05 00:00:00,2024-06-05 16:00:00,merged,22,4,9,3,16,3,12
546,phoenix-shared-components,Feature: dashboard implementation,mark.smith,2024-06-05 00:00:00,2024-06-05 04:00:00,merged,179,7,5,2,4,3,12
547,phoenix-billing-service,Feature: authentication implementation,mark.smith,2024-06-13 00:00:00,2024-06-14 04:00:00,merged,273,27,9,6,28,3,12
548,phoenix-billing-service,Feature: dashboard implementation,mark.smith,2024-06-10 00:00:00,2024-06-10 04:00:00,merged,330,17,5,3,4,3,12
549,phoenix-customer-platform,Feature: authentication implementation,david.kumar,2024-06-15 00:00:00,2024-06-15 16:00:00,merged,429,103,7,4,16,3,12
550,phoenix-web-frontend,Feature: authentication implementation,tom.garcia,2024-06-03 00:00:00,2024-06-03 04:00:00,merged,225,12,8,1,4,3,12
551,phoenix-shared-components,Feature: dashboard implementation,mark.smith,2024-06-07 00:00:00,2024-06-07 16:00:00,merged,366,14,12,6,16,3,12
552,phoenix-shared-components,Feature: dashboard implementation,mark.smith,2024-06-11 00:00:00,2024-06-11 16:00:00,merged,311,36,12,4,16,3,12
553,phoenix-billing-service,Feature: authentication implementation,mark.smith,2024-06-13 00:00:00,2024-06-13 04:00:00,merged,447,4,5,1,4,3,12
554,phoenix-auth-service,Feature: authentication implementation,mark.smith,2024-06-13 00:00:00,2024-06-14 04:00:00,merged,322,84,10,3,28,3,12
555,phoenix-billing-service,Feature: dashboard implementation,mark.smith,2024-06-06 00:00:00,2024-06-06 16:00:00,merged,374,84,2,6,16,3,12
556,phoenix-auth-service,Feature: dashboard implementation,mark.smith,2024-06-14 00:00:00,2024-06-15 04:00:00,merged,236,56,5,2,28,3,12
557,phoenix-shared-components,Feature: api implementation,mark.smith,2024-06-18 00:00:00,2024-06-19 06:00:00,merged,258,43,8,5,30,3,13
558,phoenix-shared-components,Feature: authentication implementation,david.kumar,2024-06-22 00:00:00,,closed,268,24,10,6,4,3,13
559,phoenix-auth-service,Feature: billing implementation,tom.garcia,2024-06-21 00:00:00,2024-06-21 17:00:00,merged,289,99,6,4,17,3,13
560,phoenix-mobile-api,Feature: authentication implementation,mark.smith,2024-06-22 00:00:00,2024-06-22 04:00:00,merged,239,55,3,6,4,3,13
561,phoenix-shared-components,Feature: api implementation,mark.smith,2024-06-19 00:00:00,2024-06-20 06:00:00,merged,383,64,5,3,30,3,13
562,phoenix-shared-components,Feature: api implementation,mark.smith,2024-06-17 00:00:00,2024-06-17 17:00:00,merged,707,15,3,6,17,3,13
563,phoenix-auth-service,Feature: api implementation,mark.smith,2024-06-17 00:00:00,2024-06-18 06:00:00,merged,488,30,6,5,30,3,13
564,phoenix-customer-platform,Feature: dashboard implementation,mark.smith,2024-06-28 00:00:00,2024-06-28 04:00:00,merged,238,30,11,4,4,3,13
565,phoenix-mobile-api,Feature: api implementation,mark.smith,2024-06-22 00:00:00,,closed,361,47,12,2,17,3,13
566,phoenix-mobile-api,Feature: billing implementation,david.kumar,2024-06-21 00:00:00,2024-06-21 04:00:00,merged,301,42,10,1,4,3,13
567,phoenix-billing-service,Feature: billing implementation,mark.smith,2024-06-25 00:00:00,2024-06-25 04:00:00,merged,68,8,2,6,4,3,13
568,phoenix-shared-components,Feature: dashboard implementation,mark.smith,2024-06-25 00:00:00,,open,142,14,7,1,17,3,13
569,phoenix-billing-service,Feature: api implementation,mark.smith,2024-06-27 00:00:00,2024-06-28 06:00:00,merged,71,5,3,6,30,3,13
570,phoenix-customer-platform,Feature: authentication implementation,mark.smith,2024-06-21 00:00:00,2024-06-22 06:00:00,merged,278,29,6,3,30,3,13
571,phoenix-shared-components,Feature: api implementation,mark.smith,2024-06-24 00:00:00,,open,367,25,11,6,30,3,13
572,phoenix-customer-platform,Feature: api implementation,mark.smith,2024-06-19 00:00:00,2024-06-19 17:00:00,merged,352,64,7,6,17,3,13
573,phoenix-billing-service,Feature: dashboard implementation,mark.smith,2024-06-20 00:00:00,2024-06-20 04:00:00,merged,396,34,10,1,4,3,13
574,phoenix-web-frontend,Feature: dashboard implementation,tom.garcia,2024-06-22 00:00:00,2024-06-23 06:00:00,merged,265,28,5,6,30,3,13
575,phoenix-billing-service,Feature: authentication implementation,tom.garcia,2024-06-24 00:00:00,,closed,337,2,2,5,4,3,13
576,phoenix-auth-service,Feature: authentication implementation,david.kumar,2024-06-18 00:00:00,2024-06-18 04:00:00,merged,43,4,2,4,4,3,13
577,phoenix-web-frontend,Feature: billing implementation,mark.smith,2024-06-22 00:00:00,2024-06-23 06:00:00,merged,247,53,5,3,30,3,13
578,phoenix-auth-service,Feature: dashboard implementation,mark.smith,2024-06-25 00:00:00,,closed,328,38,6,6,30,3,13
579,phoenix-billing-service,Feature: billing implementation,ana.lopez,2024-06-24 00:00:00,2024-06-24 04:00:00,merged,155,9,10,6,4,3,13
580,phoenix-web-frontend,Feature: authentication implementation,mark.smith,2024-06-25 00:00:00,2024-06-25 17:00:00,merged,472,131,10,1,17,3,13
581,phoenix-customer-platform,Feature: api implementation,mark.smith,2024-06-24 00:00:00,,closed,294,44,7,3,4,3,13
582,phoenix-web-frontend,Feature: billing implementation,mark.smith,2024-06-19 00:00:00,2024-06-19 17:00:00,merged,314,56,4,1,17,3,13
583,phoenix-billing-service,Feature: billing implementation,tom.garcia,2024-06-20 00:00:00,2024-06-20 04:00:00,merged,385,7,6,5,4,3,13
584,phoenix-shared-components,Feature: dashboard implementation,mark.smith,2024-06-21 00:00:00,2024-06-21 04:00:00,merged,414,40,8,3,4,3,13
585,phoenix-customer-platform,Feature: authentication implementation,mark.smith,2024-06-22 00:00:00,2024-06-23 06:00:00,merged,266,30,5,1,30,3,13
586,phoenix-customer-platform,Feature: authentication implementation,mark.smith,2024-06-17 00:00:00,2024-06-18 06:00:00,merged,313,95,12,1,30,3,13
587,phoenix-billing-service,Feature: api implementation,mark.smith,2024-06-21 00:00:00,2024-06-22 06:00:00,merged,227,62,12,3,30,3,13
588,phoenix-customer-platform,Feature: api implementation,mark.smith,2024-06-26 00:00:00,2024-06-27 06:00:00,merged,149,34,12,1,30,3,13
589,phoenix-auth-service,Feature: api implementation,mark.smith,2024-06-28 00:00:00,2024-06-28 04:00:00,merged,317,113,3,6,4,3,13
590,phoenix-customer-platform,Feature: api implementation,david.kumar,2024-06-21 00:00:00,2024-06-21 04:00:00,merged,161,50,5,4,4,3,13
591,phoenix-shared-components,Feature: api implementation,mark.smith,2024-06-17 00:00:00,2024-06-17 17:00:00,merged,263,37,12,5,17,3,13
592,phoenix-web-frontend,Feature: authentication implementation,david.kumar,2024-06-18 00:00:00,2024-06-19 06:00:00,merged,311,7,9,3,30,3,13
593,phoenix-billing-service,Feature: api implementation,mark.smith,2024-06-26 00:00:00,2024-06-27 06:00:00,merged,355,46,4,5,30,3,13
594,phoenix-auth-service,Feature: authentication implementation,mark.smith,2024-06-27 00:00:00,2024-06-27 04:00:00,merged,368,96,4,4,4,3,13
595,phoenix-web-frontend,Feature: dashboard implementation,mark.smith,2024-06-21 00:00:00,2024-06-21 17:00:00,merged,372,95,2,4,17,3,13
596,phoenix-billing-service,Feature: api implementation,tom.garcia,2024-06-23 00:00:00,2024-06-23 17:00:00,merged,239,25,7,2,17,3,13
597,phoenix-billing-service,Feature: authentication implementation,mark.smith,2024-06-24 00:00:00,2024-06-24 04:00:00,merged,313,7,12,1,4,3,13
598,phoenix-mobile-api,Feature: api implementation,tom.garcia,2024-06-26 00:00:00,2024-06-26 04:00:00,merged,154,9,5,1,4,3,13
599,phoenix-web-frontend,Feature: dashboard implementation,mark.smith,2024-06-17 00:00:00,2024-06-17 17:00:00,merged,294,33,12,3,17,3,13
600,phoenix-customer-platform,Feature: billing implementation,mark.smith,2024-06-26 00:00:00,2024-06-26 17:00:00,merged,266,51,2,5,17,3,13
601,phoenix-customer-platform,Feature: authentication implementation,mark.smith,2024-06-20 00:00:00,,open,431,27,12,5,4,3,13
602,phoenix-shared-components,Feature: api implementation,mark.smith,2024-06-20 00:00:00,2024-06-21 06:00:00,merged,167,30,11,2,30,3,13
