response_id,survey_date,respondent,respondent_role,question_id,question_category,response_value,month
1,2024-01-15,mark.smith,Senior Architect,Q001,Estimation,7.4,0
2,2024-01-15,mark.smith,Senior Architect,Q002,Refinement,7.6,0
3,2024-01-15,mark.smith,Senior Architect,Q003,Dark Work,12.5,0
4,2024-01-15,mark.smith,Senior Architect,Q004,Dependencies,7.1,0
5,2024-01-15,mark.smith,Senior Architect,Q005,Cross-functionality,7.5,0
6,2024-01-15,mark.smith,Senior Architect,Q006,Psychological Safety,8.1,0
7,2024-01-15,mark.smith,Senior Architect,Q007,Sprint Goals,8.2,0
8,2024-01-15,mark.smith,Senior Architect,Q008,Work Quality,8.3,0
9,2024-01-15,emma.jones,Senior Full-stack,Q001,Estimation,7.9,0
10,2024-01-15,emma.jones,Senior Full-stack,Q002,Refinement,7.1,0
11,2024-01-15,emma.jones,Senior Full-stack,Q003,Dark Work,12.3,0
12,2024-01-15,emma.jones,Senior Full-stack,Q004,Dependencies,7.1,0
13,2024-01-15,emma.jones,Senior Full-stack,Q005,Cross-functionality,7.7,0
14,2024-01-15,emma.jones,Senior Full-stack,Q006,Psychological Safety,8.0,0
15,2024-01-15,emma.jones,Senior Full-stack,Q007,Sprint Goals,8.4,0
16,2024-01-15,emma.jones,Senior Full-stack,Q008,Work Quality,7.9,0
17,2024-01-15,lisa.chen,Junior Frontend,Q001,Estimation,7.7,0
18,2024-01-15,lisa.chen,Junior Frontend,Q002,Refinement,7.8,0
19,2024-01-15,lisa.chen,Junior Frontend,Q003,Dark Work,15.0,0
20,2024-01-15,lisa.chen,Junior Frontend,Q004,Dependencies,7.3,0
21,2024-01-15,lisa.chen,Junior Frontend,Q005,Cross-functionality,7.8,0
22,2024-01-15,lisa.chen,Junior Frontend,Q006,Psychological Safety,8.4,0
23,2024-01-15,lisa.chen,Junior Frontend,Q007,Sprint Goals,8.0,0
24,2024-01-15,lisa.chen,Junior Frontend,Q008,Work Quality,8.4,0
25,2024-01-15,david.kumar,Backend Developer,Q001,Estimation,8.2,0
26,2024-01-15,david.kumar,Backend Developer,Q002,Refinement,7.3,0
27,2024-01-15,david.kumar,Backend Developer,Q003,Dark Work,14.4,0
28,2024-01-15,david.kumar,Backend Developer,Q004,Dependencies,7.6,0
29,2024-01-15,david.kumar,Backend Developer,Q005,Cross-functionality,7.7,0
30,2024-01-15,david.kumar,Backend Developer,Q006,Psychological Safety,8.5,0
31,2024-01-15,david.kumar,Backend Developer,Q007,Sprint Goals,7.9,0
32,2024-01-15,david.kumar,Backend Developer,Q008,Work Quality,7.8,0
33,2024-01-15,rachel.wilson,DevOps Engineer,Q001,Estimation,7.7,0
34,2024-01-15,rachel.wilson,DevOps Engineer,Q002,Refinement,7.5,0
35,2024-01-15,rachel.wilson,DevOps Engineer,Q003,Dark Work,11.7,0
36,2024-01-15,rachel.wilson,DevOps Engineer,Q004,Dependencies,8.0,0
37,2024-01-15,rachel.wilson,DevOps Engineer,Q005,Cross-functionality,7.7,0
38,2024-01-15,rachel.wilson,DevOps Engineer,Q006,Psychological Safety,8.9,0
39,2024-01-15,rachel.wilson,DevOps Engineer,Q007,Sprint Goals,7.6,0
40,2024-01-15,rachel.wilson,DevOps Engineer,Q008,Work Quality,7.9,0
41,2024-01-15,tom.garcia,Frontend Developer,Q001,Estimation,8.3,0
42,2024-01-15,tom.garcia,Frontend Developer,Q002,Refinement,7.7,0
43,2024-01-15,tom.garcia,Frontend Developer,Q003,Dark Work,14.1,0
44,2024-01-15,tom.garcia,Frontend Developer,Q004,Dependencies,8.0,0
45,2024-01-15,tom.garcia,Frontend Developer,Q005,Cross-functionality,7.7,0
46,2024-01-15,tom.garcia,Frontend Developer,Q006,Psychological Safety,8.3,0
47,2024-01-15,tom.garcia,Frontend Developer,Q007,Sprint Goals,8.2,0
48,2024-01-15,tom.garcia,Frontend Developer,Q008,Work Quality,8.0,0
49,2024-01-15,ana.lopez,Backend Developer,Q001,Estimation,8.0,0
50,2024-01-15,ana.lopez,Backend Developer,Q002,Refinement,7.7,0
51,2024-01-15,ana.lopez,Backend Developer,Q003,Dark Work,11.8,0
52,2024-01-15,ana.lopez,Backend Developer,Q004,Dependencies,7.9,0
53,2024-01-15,ana.lopez,Backend Developer,Q005,Cross-functionality,7.2,0
54,2024-01-15,ana.lopez,Backend Developer,Q006,Psychological Safety,8.7,0
55,2024-01-15,ana.lopez,Backend Developer,Q007,Sprint Goals,8.2,0
56,2024-01-15,ana.lopez,Backend Developer,Q008,Work Quality,7.8,0
57,2024-01-15,james.taylor,Full-stack Developer,Q001,Estimation,8.3,0
58,2024-01-15,james.taylor,Full-stack Developer,Q002,Refinement,7.6,0
59,2024-01-15,james.taylor,Full-stack Developer,Q003,Dark Work,12.4,0
60,2024-01-15,james.taylor,Full-stack Developer,Q004,Dependencies,7.7,0
61,2024-01-15,james.taylor,Full-stack Developer,Q005,Cross-functionality,7.0,0
62,2024-01-15,james.taylor,Full-stack Developer,Q006,Psychological Safety,8.6,0
63,2024-01-15,james.taylor,Full-stack Developer,Q007,Sprint Goals,8.1,0
64,2024-01-15,james.taylor,Full-stack Developer,Q008,Work Quality,7.5,0
65,2024-01-15,alex.brown,Senior QA Engineer,Q001,Estimation,8.3,0
66,2024-01-15,alex.brown,Senior QA Engineer,Q002,Refinement,7.8,0
67,2024-01-15,alex.brown,Senior QA Engineer,Q003,Dark Work,13.1,0
68,2024-01-15,alex.brown,Senior QA Engineer,Q004,Dependencies,7.6,0
69,2024-01-15,alex.brown,Senior QA Engineer,Q005,Cross-functionality,7.5,0
70,2024-01-15,alex.brown,Senior QA Engineer,Q006,Psychological Safety,8.1,0
71,2024-01-15,alex.brown,Senior QA Engineer,Q007,Sprint Goals,8.4,0
72,2024-01-15,alex.brown,Senior QA Engineer,Q008,Work Quality,6.9,0
73,2024-01-15,jordan.davis,Junior QA Engineer,Q001,Estimation,7.6,0
74,2024-01-15,jordan.davis,Junior QA Engineer,Q002,Refinement,7.1,0
75,2024-01-15,jordan.davis,Junior QA Engineer,Q003,Dark Work,11.7,0
76,2024-01-15,jordan.davis,Junior QA Engineer,Q004,Dependencies,7.8,0
77,2024-01-15,jordan.davis,Junior QA Engineer,Q005,Cross-functionality,7.7,0
78,2024-01-15,jordan.davis,Junior QA Engineer,Q006,Psychological Safety,8.5,0
79,2024-01-15,jordan.davis,Junior QA Engineer,Q007,Sprint Goals,8.0,0
80,2024-01-15,jordan.davis,Junior QA Engineer,Q008,Work Quality,7.5,0
81,2024-01-15,sam.miller,UX Designer,Q001,Estimation,7.6,0
82,2024-01-15,sam.miller,UX Designer,Q002,Refinement,7.7,0
83,2024-01-15,sam.miller,UX Designer,Q003,Dark Work,11.2,0
84,2024-01-15,sam.miller,UX Designer,Q004,Dependencies,7.1,0
85,2024-01-15,sam.miller,UX Designer,Q005,Cross-functionality,7.2,0
86,2024-01-15,sam.miller,UX Designer,Q006,Psychological Safety,8.3,0
87,2024-01-15,sam.miller,UX Designer,Q007,Sprint Goals,7.6,0
88,2024-01-15,sam.miller,UX Designer,Q008,Work Quality,8.3,0
89,2024-01-15,sarah.johnson,Product Owner,Q001,Estimation,8.1,0
90,2024-01-15,sarah.johnson,Product Owner,Q002,Refinement,7.6,0
91,2024-01-15,sarah.johnson,Product Owner,Q003,Dark Work,11.8,0
92,2024-01-15,sarah.johnson,Product Owner,Q004,Dependencies,7.1,0
93,2024-01-15,sarah.johnson,Product Owner,Q005,Cross-functionality,7.6,0
94,2024-01-15,sarah.johnson,Product Owner,Q006,Psychological Safety,8.3,0
95,2024-01-15,sarah.johnson,Product Owner,Q007,Sprint Goals,8.1,0
96,2024-01-15,sarah.johnson,Product Owner,Q008,Work Quality,8.4,0
97,2024-02-15,mark.smith,Senior Architect,Q001,Estimation,6.8,1
98,2024-02-15,mark.smith,Senior Architect,Q002,Refinement,6.9,1
99,2024-02-15,mark.smith,Senior Architect,Q003,Dark Work,18.9,1
100,2024-02-15,mark.smith,Senior Architect,Q004,Dependencies,6.3,1
101,2024-02-15,mark.smith,Senior Architect,Q005,Cross-functionality,6.9,1
102,2024-02-15,mark.smith,Senior Architect,Q006,Psychological Safety,7.4,1
103,2024-02-15,mark.smith,Senior Architect,Q007,Sprint Goals,7.2,1
104,2024-02-15,mark.smith,Senior Architect,Q008,Work Quality,6.7,1
105,2024-02-15,emma.jones,Senior Full-stack,Q001,Estimation,6.6,1
106,2024-02-15,emma.jones,Senior Full-stack,Q002,Refinement,6.5,1
107,2024-02-15,emma.jones,Senior Full-stack,Q003,Dark Work,19.5,1
108,2024-02-15,emma.jones,Senior Full-stack,Q004,Dependencies,7.0,1
109,2024-02-15,emma.jones,Senior Full-stack,Q005,Cross-functionality,6.9,1
110,2024-02-15,emma.jones,Senior Full-stack,Q006,Psychological Safety,7.6,1
111,2024-02-15,emma.jones,Senior Full-stack,Q007,Sprint Goals,6.7,1
112,2024-02-15,emma.jones,Senior Full-stack,Q008,Work Quality,7.1,1
113,2024-02-15,lisa.chen,Junior Frontend,Q001,Estimation,6.9,1
114,2024-02-15,lisa.chen,Junior Frontend,Q002,Refinement,7.0,1
115,2024-02-15,lisa.chen,Junior Frontend,Q003,Dark Work,17.8,1
116,2024-02-15,lisa.chen,Junior Frontend,Q004,Dependencies,6.7,1
117,2024-02-15,lisa.chen,Junior Frontend,Q005,Cross-functionality,6.6,1
118,2024-02-15,lisa.chen,Junior Frontend,Q006,Psychological Safety,7.7,1
119,2024-02-15,lisa.chen,Junior Frontend,Q007,Sprint Goals,6.7,1
120,2024-02-15,lisa.chen,Junior Frontend,Q008,Work Quality,6.9,1
121,2024-02-15,david.kumar,Backend Developer,Q001,Estimation,6.8,1
122,2024-02-15,david.kumar,Backend Developer,Q002,Refinement,6.8,1
123,2024-02-15,david.kumar,Backend Developer,Q003,Dark Work,18.3,1
124,2024-02-15,david.kumar,Backend Developer,Q004,Dependencies,6.8,1
125,2024-02-15,david.kumar,Backend Developer,Q005,Cross-functionality,6.8,1
126,2024-02-15,david.kumar,Backend Developer,Q006,Psychological Safety,7.7,1
127,2024-02-15,david.kumar,Backend Developer,Q007,Sprint Goals,6.7,1
128,2024-02-15,david.kumar,Backend Developer,Q008,Work Quality,7.0,1
129,2024-02-15,rachel.wilson,DevOps Engineer,Q001,Estimation,7.0,1
130,2024-02-15,rachel.wilson,DevOps Engineer,Q002,Refinement,6.5,1
131,2024-02-15,rachel.wilson,DevOps Engineer,Q003,Dark Work,18.9,1
132,2024-02-15,rachel.wilson,DevOps Engineer,Q004,Dependencies,6.8,1
133,2024-02-15,rachel.wilson,DevOps Engineer,Q005,Cross-functionality,6.7,1
134,2024-02-15,rachel.wilson,DevOps Engineer,Q006,Psychological Safety,7.5,1
135,2024-02-15,rachel.wilson,DevOps Engineer,Q007,Sprint Goals,7.0,1
136,2024-02-15,rachel.wilson,DevOps Engineer,Q008,Work Quality,7.1,1
137,2024-02-15,tom.garcia,Frontend Developer,Q001,Estimation,7.1,1
138,2024-02-15,tom.garcia,Frontend Developer,Q002,Refinement,6.8,1
139,2024-02-15,tom.garcia,Frontend Developer,Q003,Dark Work,19.0,1
140,2024-02-15,tom.garcia,Frontend Developer,Q004,Dependencies,6.8,1
141,2024-02-15,tom.garcia,Frontend Developer,Q005,Cross-functionality,6.8,1
142,2024-02-15,tom.garcia,Frontend Developer,Q006,Psychological Safety,7.6,1
143,2024-02-15,tom.garcia,Frontend Developer,Q007,Sprint Goals,6.6,1
144,2024-02-15,tom.garcia,Frontend Developer,Q008,Work Quality,7.0,1
145,2024-02-15,ana.lopez,Backend Developer,Q001,Estimation,6.6,1
146,2024-02-15,ana.lopez,Backend Developer,Q002,Refinement,6.9,1
147,2024-02-15,ana.lopez,Backend Developer,Q003,Dark Work,16.2,1
148,2024-02-15,ana.lopez,Backend Developer,Q004,Dependencies,6.8,1
149,2024-02-15,ana.lopez,Backend Developer,Q005,Cross-functionality,6.8,1
150,2024-02-15,ana.lopez,Backend Developer,Q006,Psychological Safety,7.6,1
151,2024-02-15,ana.lopez,Backend Developer,Q007,Sprint Goals,7.0,1
152,2024-02-15,ana.lopez,Backend Developer,Q008,Work Quality,6.7,1
153,2024-02-15,james.taylor,Full-stack Developer,Q001,Estimation,7.1,1
154,2024-02-15,james.taylor,Full-stack Developer,Q002,Refinement,7.0,1
155,2024-02-15,james.taylor,Full-stack Developer,Q003,Dark Work,17.1,1
156,2024-02-15,james.taylor,Full-stack Developer,Q004,Dependencies,6.4,1
157,2024-02-15,james.taylor,Full-stack Developer,Q005,Cross-functionality,6.7,1
158,2024-02-15,james.taylor,Full-stack Developer,Q006,Psychological Safety,7.6,1
159,2024-02-15,james.taylor,Full-stack Developer,Q007,Sprint Goals,6.6,1
160,2024-02-15,james.taylor,Full-stack Developer,Q008,Work Quality,7.0,1
161,2024-02-15,alex.brown,Senior QA Engineer,Q001,Estimation,7.2,1
162,2024-02-15,alex.brown,Senior QA Engineer,Q002,Refinement,6.8,1
163,2024-02-15,alex.brown,Senior QA Engineer,Q003,Dark Work,16.7,1
164,2024-02-15,alex.brown,Senior QA Engineer,Q004,Dependencies,6.9,1
165,2024-02-15,alex.brown,Senior QA Engineer,Q005,Cross-functionality,7.0,1
166,2024-02-15,alex.brown,Senior QA Engineer,Q006,Psychological Safety,7.4,1
167,2024-02-15,alex.brown,Senior QA Engineer,Q007,Sprint Goals,7.2,1
168,2024-02-15,alex.brown,Senior QA Engineer,Q008,Work Quality,6.5,1
169,2024-02-15,jordan.davis,Junior QA Engineer,Q001,Estimation,6.8,1
170,2024-02-15,jordan.davis,Junior QA Engineer,Q002,Refinement,6.6,1
171,2024-02-15,jordan.davis,Junior QA Engineer,Q003,Dark Work,19.0,1
172,2024-02-15,jordan.davis,Junior QA Engineer,Q004,Dependencies,6.6,1
173,2024-02-15,jordan.davis,Junior QA Engineer,Q005,Cross-functionality,6.6,1
174,2024-02-15,jordan.davis,Junior QA Engineer,Q006,Psychological Safety,7.4,1
175,2024-02-15,jordan.davis,Junior QA Engineer,Q007,Sprint Goals,6.8,1
176,2024-02-15,jordan.davis,Junior QA Engineer,Q008,Work Quality,6.4,1
177,2024-02-15,sam.miller,UX Designer,Q001,Estimation,7.1,1
178,2024-02-15,sam.miller,UX Designer,Q002,Refinement,6.5,1
179,2024-02-15,sam.miller,UX Designer,Q003,Dark Work,16.5,1
180,2024-02-15,sam.miller,UX Designer,Q004,Dependencies,6.8,1
181,2024-02-15,sam.miller,UX Designer,Q005,Cross-functionality,7.0,1
182,2024-02-15,sam.miller,UX Designer,Q006,Psychological Safety,7.4,1
183,2024-02-15,sam.miller,UX Designer,Q007,Sprint Goals,6.6,1
184,2024-02-15,sam.miller,UX Designer,Q008,Work Quality,6.8,1
185,2024-02-15,sarah.johnson,Product Owner,Q001,Estimation,7.1,1
186,2024-02-15,sarah.johnson,Product Owner,Q002,Refinement,6.8,1
187,2024-02-15,sarah.johnson,Product Owner,Q003,Dark Work,17.7,1
188,2024-02-15,sarah.johnson,Product Owner,Q004,Dependencies,6.7,1
189,2024-02-15,sarah.johnson,Product Owner,Q005,Cross-functionality,6.9,1
190,2024-02-15,sarah.johnson,Product Owner,Q006,Psychological Safety,7.8,1
191,2024-02-15,sarah.johnson,Product Owner,Q007,Sprint Goals,7.2,1
192,2024-02-15,sarah.johnson,Product Owner,Q008,Work Quality,6.8,1
193,2024-03-15,mark.smith,Senior Architect,Q001,Estimation,5.7,2
194,2024-03-15,mark.smith,Senior Architect,Q002,Refinement,5.8,2
195,2024-03-15,mark.smith,Senior Architect,Q003,Dark Work,25.9,2
196,2024-03-15,mark.smith,Senior Architect,Q004,Dependencies,5.4,2
197,2024-03-15,mark.smith,Senior Architect,Q005,Cross-functionality,5.7,2
198,2024-03-15,mark.smith,Senior Architect,Q006,Psychological Safety,6.6,2
199,2024-03-15,mark.smith,Senior Architect,Q007,Sprint Goals,5.9,2
200,2024-03-15,mark.smith,Senior Architect,Q008,Work Quality,5.6,2
201,2024-03-15,emma.jones,Senior Full-stack,Q001,Estimation,6.0,2
202,2024-03-15,emma.jones,Senior Full-stack,Q002,Refinement,6.1,2
203,2024-03-15,emma.jones,Senior Full-stack,Q003,Dark Work,22.7,2
204,2024-03-15,emma.jones,Senior Full-stack,Q004,Dependencies,6.1,2
205,2024-03-15,emma.jones,Senior Full-stack,Q005,Cross-functionality,5.8,2
206,2024-03-15,emma.jones,Senior Full-stack,Q006,Psychological Safety,6.7,2
207,2024-03-15,emma.jones,Senior Full-stack,Q007,Sprint Goals,5.6,2
208,2024-03-15,emma.jones,Senior Full-stack,Q008,Work Quality,5.5,2
209,2024-03-15,lisa.chen,Junior Frontend,Q001,Estimation,6.0,2
210,2024-03-15,lisa.chen,Junior Frontend,Q002,Refinement,6.1,2
211,2024-03-15,lisa.chen,Junior Frontend,Q003,Dark Work,24.4,2
212,2024-03-15,lisa.chen,Junior Frontend,Q004,Dependencies,5.9,2
213,2024-03-15,lisa.chen,Junior Frontend,Q005,Cross-functionality,6.0,2
214,2024-03-15,lisa.chen,Junior Frontend,Q006,Psychological Safety,6.6,2
215,2024-03-15,lisa.chen,Junior Frontend,Q007,Sprint Goals,5.5,2
216,2024-03-15,lisa.chen,Junior Frontend,Q008,Work Quality,6.1,2
217,2024-03-15,david.kumar,Backend Developer,Q001,Estimation,5.7,2
218,2024-03-15,david.kumar,Backend Developer,Q002,Refinement,5.9,2
219,2024-03-15,david.kumar,Backend Developer,Q003,Dark Work,25.3,2
220,2024-03-15,david.kumar,Backend Developer,Q004,Dependencies,6.0,2
221,2024-03-15,david.kumar,Backend Developer,Q005,Cross-functionality,5.9,2
222,2024-03-15,david.kumar,Backend Developer,Q006,Psychological Safety,6.8,2
223,2024-03-15,david.kumar,Backend Developer,Q007,Sprint Goals,5.9,2
224,2024-03-15,david.kumar,Backend Developer,Q008,Work Quality,5.8,2
225,2024-03-15,rachel.wilson,DevOps Engineer,Q001,Estimation,5.7,2
226,2024-03-15,rachel.wilson,DevOps Engineer,Q002,Refinement,5.7,2
227,2024-03-15,rachel.wilson,DevOps Engineer,Q003,Dark Work,23.5,2
228,2024-03-15,rachel.wilson,DevOps Engineer,Q004,Dependencies,5.6,2
229,2024-03-15,rachel.wilson,DevOps Engineer,Q005,Cross-functionality,5.9,2
230,2024-03-15,rachel.wilson,DevOps Engineer,Q006,Psychological Safety,6.5,2
231,2024-03-15,rachel.wilson,DevOps Engineer,Q007,Sprint Goals,6.0,2
232,2024-03-15,rachel.wilson,DevOps Engineer,Q008,Work Quality,5.5,2
233,2024-03-15,tom.garcia,Frontend Developer,Q001,Estimation,5.5,2
234,2024-03-15,tom.garcia,Frontend Developer,Q002,Refinement,6.0,2
235,2024-03-15,tom.garcia,Frontend Developer,Q003,Dark Work,24.3,2
236,2024-03-15,tom.garcia,Frontend Developer,Q004,Dependencies,5.7,2
237,2024-03-15,tom.garcia,Frontend Developer,Q005,Cross-functionality,6.0,2
238,2024-03-15,tom.garcia,Frontend Developer,Q006,Psychological Safety,6.5,2
239,2024-03-15,tom.garcia,Frontend Developer,Q007,Sprint Goals,5.9,2
240,2024-03-15,tom.garcia,Frontend Developer,Q008,Work Quality,5.6,2
241,2024-03-15,ana.lopez,Backend Developer,Q001,Estimation,5.9,2
242,2024-03-15,ana.lopez,Backend Developer,Q002,Refinement,6.1,2
243,2024-03-15,ana.lopez,Backend Developer,Q003,Dark Work,23.5,2
244,2024-03-15,ana.lopez,Backend Developer,Q004,Dependencies,5.7,2
245,2024-03-15,ana.lopez,Backend Developer,Q005,Cross-functionality,5.7,2
246,2024-03-15,ana.lopez,Backend Developer,Q006,Psychological Safety,6.7,2
247,2024-03-15,ana.lopez,Backend Developer,Q007,Sprint Goals,6.1,2
248,2024-03-15,ana.lopez,Backend Developer,Q008,Work Quality,5.9,2
249,2024-03-15,james.taylor,Full-stack Developer,Q001,Estimation,6.0,2
250,2024-03-15,james.taylor,Full-stack Developer,Q002,Refinement,6.1,2
251,2024-03-15,james.taylor,Full-stack Developer,Q003,Dark Work,25.9,2
252,2024-03-15,james.taylor,Full-stack Developer,Q004,Dependencies,6.0,2
253,2024-03-15,james.taylor,Full-stack Developer,Q005,Cross-functionality,5.6,2
254,2024-03-15,james.taylor,Full-stack Developer,Q006,Psychological Safety,6.6,2
255,2024-03-15,james.taylor,Full-stack Developer,Q007,Sprint Goals,5.9,2
256,2024-03-15,james.taylor,Full-stack Developer,Q008,Work Quality,5.5,2
257,2024-03-15,alex.brown,Senior QA Engineer,Q001,Estimation,6.0,2
258,2024-03-15,alex.brown,Senior QA Engineer,Q002,Refinement,6.0,2
259,2024-03-15,alex.brown,Senior QA Engineer,Q003,Dark Work,25.6,2
260,2024-03-15,alex.brown,Senior QA Engineer,Q004,Dependencies,6.0,2
261,2024-03-15,alex.brown,Senior QA Engineer,Q005,Cross-functionality,6.1,2
262,2024-03-15,alex.brown,Senior QA Engineer,Q006,Psychological Safety,6.9,2
263,2024-03-15,alex.brown,Senior QA Engineer,Q007,Sprint Goals,5.7,2
264,2024-03-15,alex.brown,Senior QA Engineer,Q008,Work Quality,5.5,2
265,2024-03-15,jordan.davis,Junior QA Engineer,Q001,Estimation,5.7,2
266,2024-03-15,jordan.davis,Junior QA Engineer,Q002,Refinement,6.1,2
267,2024-03-15,jordan.davis,Junior QA Engineer,Q003,Dark Work,26.0,2
268,2024-03-15,jordan.davis,Junior QA Engineer,Q004,Dependencies,6.0,2
269,2024-03-15,jordan.davis,Junior QA Engineer,Q005,Cross-functionality,6.0,2
270,2024-03-15,jordan.davis,Junior QA Engineer,Q006,Psychological Safety,6.7,2
271,2024-03-15,jordan.davis,Junior QA Engineer,Q007,Sprint Goals,5.9,2
272,2024-03-15,jordan.davis,Junior QA Engineer,Q008,Work Quality,5.3,2
273,2024-03-15,sam.miller,UX Designer,Q001,Estimation,6.1,2
274,2024-03-15,sam.miller,UX Designer,Q002,Refinement,6.0,2
275,2024-03-15,sam.miller,UX Designer,Q003,Dark Work,22.1,2
276,2024-03-15,sam.miller,UX Designer,Q004,Dependencies,5.8,2
277,2024-03-15,sam.miller,UX Designer,Q005,Cross-functionality,6.1,2
278,2024-03-15,sam.miller,UX Designer,Q006,Psychological Safety,6.5,2
279,2024-03-15,sam.miller,UX Designer,Q007,Sprint Goals,5.7,2
280,2024-03-15,sam.miller,UX Designer,Q008,Work Quality,6.0,2
281,2024-03-15,sarah.johnson,Product Owner,Q001,Estimation,5.7,2
282,2024-03-15,sarah.johnson,Product Owner,Q002,Refinement,6.1,2
283,2024-03-15,sarah.johnson,Product Owner,Q003,Dark Work,25.3,2
284,2024-03-15,sarah.johnson,Product Owner,Q004,Dependencies,6.1,2
285,2024-03-15,sarah.johnson,Product Owner,Q005,Cross-functionality,5.7,2
286,2024-03-15,sarah.johnson,Product Owner,Q006,Psychological Safety,6.8,2
287,2024-03-15,sarah.johnson,Product Owner,Q007,Sprint Goals,6.0,2
288,2024-03-15,sarah.johnson,Product Owner,Q008,Work Quality,5.9,2
289,2024-04-15,mark.smith,Senior Architect,Q001,Estimation,4.4,3
290,2024-04-15,mark.smith,Senior Architect,Q002,Refinement,5.0,3
291,2024-04-15,mark.smith,Senior Architect,Q003,Dark Work,30.8,3
292,2024-04-15,mark.smith,Senior Architect,Q004,Dependencies,4.7,3
293,2024-04-15,mark.smith,Senior Architect,Q005,Cross-functionality,5.0,3
294,2024-04-15,mark.smith,Senior Architect,Q006,Psychological Safety,5.7,3
295,2024-04-15,mark.smith,Senior Architect,Q007,Sprint Goals,4.8,3
296,2024-04-15,mark.smith,Senior Architect,Q008,Work Quality,5.0,3
297,2024-04-15,emma.jones,Senior Full-stack,Q001,Estimation,4.7,3
298,2024-04-15,emma.jones,Senior Full-stack,Q002,Refinement,5.1,3
299,2024-04-15,emma.jones,Senior Full-stack,Q003,Dark Work,28.0,3
300,2024-04-15,emma.jones,Senior Full-stack,Q004,Dependencies,4.9,3
301,2024-04-15,emma.jones,Senior Full-stack,Q005,Cross-functionality,5.1,3
302,2024-04-15,emma.jones,Senior Full-stack,Q006,Psychological Safety,5.9,3
303,2024-04-15,emma.jones,Senior Full-stack,Q007,Sprint Goals,4.9,3
304,2024-04-15,emma.jones,Senior Full-stack,Q008,Work Quality,4.6,3
305,2024-04-15,lisa.chen,Junior Frontend,Q001,Estimation,4.8,3
306,2024-04-15,lisa.chen,Junior Frontend,Q002,Refinement,4.8,3
307,2024-04-15,lisa.chen,Junior Frontend,Q003,Dark Work,28.9,3
308,2024-04-15,lisa.chen,Junior Frontend,Q004,Dependencies,5.3,3
309,2024-04-15,lisa.chen,Junior Frontend,Q005,Cross-functionality,5.3,3
310,2024-04-15,lisa.chen,Junior Frontend,Q006,Psychological Safety,5.8,3
311,2024-04-15,lisa.chen,Junior Frontend,Q007,Sprint Goals,4.7,3
312,2024-04-15,lisa.chen,Junior Frontend,Q008,Work Quality,4.4,3
313,2024-04-15,david.kumar,Backend Developer,Q001,Estimation,4.5,3
314,2024-04-15,david.kumar,Backend Developer,Q002,Refinement,4.9,3
315,2024-04-15,david.kumar,Backend Developer,Q003,Dark Work,28.2,3
316,2024-04-15,david.kumar,Backend Developer,Q004,Dependencies,4.9,3
317,2024-04-15,david.kumar,Backend Developer,Q005,Cross-functionality,4.9,3
318,2024-04-15,david.kumar,Backend Developer,Q006,Psychological Safety,5.6,3
319,2024-04-15,david.kumar,Backend Developer,Q007,Sprint Goals,4.7,3
320,2024-04-15,david.kumar,Backend Developer,Q008,Work Quality,4.5,3
321,2024-04-15,rachel.wilson,DevOps Engineer,Q001,Estimation,4.5,3
322,2024-04-15,rachel.wilson,DevOps Engineer,Q002,Refinement,4.9,3
323,2024-04-15,rachel.wilson,DevOps Engineer,Q003,Dark Work,30.8,3
324,2024-04-15,rachel.wilson,DevOps Engineer,Q004,Dependencies,5.1,3
325,2024-04-15,rachel.wilson,DevOps Engineer,Q005,Cross-functionality,5.4,3
326,2024-04-15,rachel.wilson,DevOps Engineer,Q006,Psychological Safety,5.8,3
327,2024-04-15,rachel.wilson,DevOps Engineer,Q007,Sprint Goals,4.7,3
328,2024-04-15,rachel.wilson,DevOps Engineer,Q008,Work Quality,4.5,3
329,2024-04-15,tom.garcia,Frontend Developer,Q001,Estimation,4.7,3
330,2024-04-15,tom.garcia,Frontend Developer,Q002,Refinement,5.1,3
331,2024-04-15,tom.garcia,Frontend Developer,Q003,Dark Work,30.5,3
332,2024-04-15,tom.garcia,Frontend Developer,Q004,Dependencies,5.4,3
333,2024-04-15,tom.garcia,Frontend Developer,Q005,Cross-functionality,5.1,3
334,2024-04-15,tom.garcia,Frontend Developer,Q006,Psychological Safety,5.9,3
335,2024-04-15,tom.garcia,Frontend Developer,Q007,Sprint Goals,4.8,3
336,2024-04-15,tom.garcia,Frontend Developer,Q008,Work Quality,4.8,3
337,2024-04-15,ana.lopez,Backend Developer,Q001,Estimation,4.4,3
338,2024-04-15,ana.lopez,Backend Developer,Q002,Refinement,5.0,3
339,2024-04-15,ana.lopez,Backend Developer,Q003,Dark Work,28.9,3
340,2024-04-15,ana.lopez,Backend Developer,Q004,Dependencies,5.2,3
341,2024-04-15,ana.lopez,Backend Developer,Q005,Cross-functionality,5.1,3
342,2024-04-15,ana.lopez,Backend Developer,Q006,Psychological Safety,6.0,3
343,2024-04-15,ana.lopez,Backend Developer,Q007,Sprint Goals,4.5,3
344,2024-04-15,ana.lopez,Backend Developer,Q008,Work Quality,4.8,3
345,2024-04-15,james.taylor,Full-stack Developer,Q001,Estimation,4.5,3
346,2024-04-15,james.taylor,Full-stack Developer,Q002,Refinement,5.1,3
347,2024-04-15,james.taylor,Full-stack Developer,Q003,Dark Work,29.7,3
348,2024-04-15,james.taylor,Full-stack Developer,Q004,Dependencies,5.1,3
349,2024-04-15,james.taylor,Full-stack Developer,Q005,Cross-functionality,5.4,3
350,2024-04-15,james.taylor,Full-stack Developer,Q006,Psychological Safety,5.8,3
351,2024-04-15,james.taylor,Full-stack Developer,Q007,Sprint Goals,5.0,3
352,2024-04-15,james.taylor,Full-stack Developer,Q008,Work Quality,4.7,3
353,2024-04-15,alex.brown,Senior QA Engineer,Q001,Estimation,4.6,3
354,2024-04-15,alex.brown,Senior QA Engineer,Q002,Refinement,4.9,3
355,2024-04-15,alex.brown,Senior QA Engineer,Q003,Dark Work,30.0,3
356,2024-04-15,alex.brown,Senior QA Engineer,Q004,Dependencies,5.1,3
357,2024-04-15,alex.brown,Senior QA Engineer,Q005,Cross-functionality,5.4,3
358,2024-04-15,alex.brown,Senior QA Engineer,Q006,Psychological Safety,5.8,3
359,2024-04-15,alex.brown,Senior QA Engineer,Q007,Sprint Goals,4.5,3
360,2024-04-15,alex.brown,Senior QA Engineer,Q008,Work Quality,4.1,3
361,2024-04-15,jordan.davis,Junior QA Engineer,Q001,Estimation,4.8,3
362,2024-04-15,jordan.davis,Junior QA Engineer,Q002,Refinement,5.2,3
363,2024-04-15,jordan.davis,Junior QA Engineer,Q003,Dark Work,30.2,3
364,2024-04-15,jordan.davis,Junior QA Engineer,Q004,Dependencies,5.2,3
365,2024-04-15,jordan.davis,Junior QA Engineer,Q005,Cross-functionality,5.1,3
366,2024-04-15,jordan.davis,Junior QA Engineer,Q006,Psychological Safety,5.7,3
367,2024-04-15,jordan.davis,Junior QA Engineer,Q007,Sprint Goals,4.5,3
368,2024-04-15,jordan.davis,Junior QA Engineer,Q008,Work Quality,4.3,3
369,2024-04-15,sam.miller,UX Designer,Q001,Estimation,4.8,3
370,2024-04-15,sam.miller,UX Designer,Q002,Refinement,5.1,3
371,2024-04-15,sam.miller,UX Designer,Q003,Dark Work,30.8,3
372,2024-04-15,sam.miller,UX Designer,Q004,Dependencies,5.0,3
373,2024-04-15,sam.miller,UX Designer,Q005,Cross-functionality,5.3,3
374,2024-04-15,sam.miller,UX Designer,Q006,Psychological Safety,5.6,3
375,2024-04-15,sam.miller,UX Designer,Q007,Sprint Goals,4.6,3
376,2024-04-15,sam.miller,UX Designer,Q008,Work Quality,4.6,3
377,2024-04-15,sarah.johnson,Product Owner,Q001,Estimation,4.5,3
378,2024-04-15,sarah.johnson,Product Owner,Q002,Refinement,5.2,3
379,2024-04-15,sarah.johnson,Product Owner,Q003,Dark Work,31.5,3
380,2024-04-15,sarah.johnson,Product Owner,Q004,Dependencies,5.2,3
381,2024-04-15,sarah.johnson,Product Owner,Q005,Cross-functionality,5.0,3
382,2024-04-15,sarah.johnson,Product Owner,Q006,Psychological Safety,5.9,3
383,2024-04-15,sarah.johnson,Product Owner,Q007,Sprint Goals,4.5,3
384,2024-04-15,sarah.johnson,Product Owner,Q008,Work Quality,4.5,3
385,2024-05-15,mark.smith,Senior Architect,Q001,Estimation,3.5,4
386,2024-05-15,mark.smith,Senior Architect,Q002,Refinement,4.5,4
387,2024-05-15,mark.smith,Senior Architect,Q003,Dark Work,37.7,4
388,2024-05-15,mark.smith,Senior Architect,Q004,Dependencies,4.2,4
389,2024-05-15,mark.smith,Senior Architect,Q005,Cross-functionality,4.4,4
390,2024-05-15,mark.smith,Senior Architect,Q006,Psychological Safety,4.7,4
391,2024-05-15,mark.smith,Senior Architect,Q007,Sprint Goals,3.7,4
392,2024-05-15,mark.smith,Senior Architect,Q008,Work Quality,3.7,4
393,2024-05-15,emma.jones,Senior Full-stack,Q001,Estimation,3.6,4
394,2024-05-15,emma.jones,Senior Full-stack,Q002,Refinement,4.2,4
395,2024-05-15,emma.jones,Senior Full-stack,Q003,Dark Work,36.5,4
396,2024-05-15,emma.jones,Senior Full-stack,Q004,Dependencies,4.4,4
397,2024-05-15,emma.jones,Senior Full-stack,Q005,Cross-functionality,4.4,4
398,2024-05-15,emma.jones,Senior Full-stack,Q006,Psychological Safety,4.8,4
399,2024-05-15,emma.jones,Senior Full-stack,Q007,Sprint Goals,3.4,4
400,2024-05-15,emma.jones,Senior Full-stack,Q008,Work Quality,3.3,4
401,2024-05-15,lisa.chen,Junior Frontend,Q001,Estimation,3.7,4
402,2024-05-15,lisa.chen,Junior Frontend,Q002,Refinement,4.5,4
403,2024-05-15,lisa.chen,Junior Frontend,Q003,Dark Work,36.8,4
404,2024-05-15,lisa.chen,Junior Frontend,Q004,Dependencies,4.0,4
405,2024-05-15,lisa.chen,Junior Frontend,Q005,Cross-functionality,4.0,4
406,2024-05-15,lisa.chen,Junior Frontend,Q006,Psychological Safety,5.0,4
407,2024-05-15,lisa.chen,Junior Frontend,Q007,Sprint Goals,3.3,4
408,2024-05-15,lisa.chen,Junior Frontend,Q008,Work Quality,3.8,4
409,2024-05-15,david.kumar,Backend Developer,Q001,Estimation,3.4,4
410,2024-05-15,david.kumar,Backend Developer,Q002,Refinement,4.5,4
411,2024-05-15,david.kumar,Backend Developer,Q003,Dark Work,36.6,4
412,2024-05-15,david.kumar,Backend Developer,Q004,Dependencies,4.1,4
413,2024-05-15,david.kumar,Backend Developer,Q005,Cross-functionality,4.5,4
414,2024-05-15,david.kumar,Backend Developer,Q006,Psychological Safety,4.7,4
415,2024-05-15,david.kumar,Backend Developer,Q007,Sprint Goals,3.6,4
416,2024-05-15,david.kumar,Backend Developer,Q008,Work Quality,3.5,4
417,2024-05-15,rachel.wilson,DevOps Engineer,Q001,Estimation,3.9,4
418,2024-05-15,rachel.wilson,DevOps Engineer,Q002,Refinement,4.5,4
419,2024-05-15,rachel.wilson,DevOps Engineer,Q003,Dark Work,35.9,4
420,2024-05-15,rachel.wilson,DevOps Engineer,Q004,Dependencies,4.3,4
421,2024-05-15,rachel.wilson,DevOps Engineer,Q005,Cross-functionality,4.4,4
422,2024-05-15,rachel.wilson,DevOps Engineer,Q006,Psychological Safety,5.1,4
423,2024-05-15,rachel.wilson,DevOps Engineer,Q007,Sprint Goals,3.3,4
424,2024-05-15,rachel.wilson,DevOps Engineer,Q008,Work Quality,3.4,4
425,2024-05-15,tom.garcia,Frontend Developer,Q001,Estimation,3.8,4
426,2024-05-15,tom.garcia,Frontend Developer,Q002,Refinement,4.4,4
427,2024-05-15,tom.garcia,Frontend Developer,Q003,Dark Work,37.8,4
428,2024-05-15,tom.garcia,Frontend Developer,Q004,Dependencies,4.2,4
429,2024-05-15,tom.garcia,Frontend Developer,Q005,Cross-functionality,4.2,4
430,2024-05-15,tom.garcia,Frontend Developer,Q006,Psychological Safety,4.9,4
431,2024-05-15,tom.garcia,Frontend Developer,Q007,Sprint Goals,3.7,4
432,2024-05-15,tom.garcia,Frontend Developer,Q008,Work Quality,3.9,4
433,2024-05-15,ana.lopez,Backend Developer,Q001,Estimation,3.3,4
434,2024-05-15,ana.lopez,Backend Developer,Q002,Refinement,4.2,4
435,2024-05-15,ana.lopez,Backend Developer,Q003,Dark Work,38.0,4
436,2024-05-15,ana.lopez,Backend Developer,Q004,Dependencies,4.4,4
437,2024-05-15,ana.lopez,Backend Developer,Q005,Cross-functionality,4.0,4
438,2024-05-15,ana.lopez,Backend Developer,Q006,Psychological Safety,5.0,4
439,2024-05-15,ana.lopez,Backend Developer,Q007,Sprint Goals,3.4,4
440,2024-05-15,ana.lopez,Backend Developer,Q008,Work Quality,3.4,4
441,2024-05-15,james.taylor,Full-stack Developer,Q001,Estimation,3.4,4
442,2024-05-15,james.taylor,Full-stack Developer,Q002,Refinement,4.1,4
443,2024-05-15,james.taylor,Full-stack Developer,Q003,Dark Work,37.8,4
444,2024-05-15,james.taylor,Full-stack Developer,Q004,Dependencies,4.1,4
445,2024-05-15,james.taylor,Full-stack Developer,Q005,Cross-functionality,4.0,4
446,2024-05-15,james.taylor,Full-stack Developer,Q006,Psychological Safety,4.8,4
447,2024-05-15,james.taylor,Full-stack Developer,Q007,Sprint Goals,3.6,4
448,2024-05-15,james.taylor,Full-stack Developer,Q008,Work Quality,3.4,4
449,2024-05-15,alex.brown,Senior QA Engineer,Q001,Estimation,3.6,4
450,2024-05-15,alex.brown,Senior QA Engineer,Q002,Refinement,4.5,4
451,2024-05-15,alex.brown,Senior QA Engineer,Q003,Dark Work,37.9,4
452,2024-05-15,alex.brown,Senior QA Engineer,Q004,Dependencies,4.1,4
453,2024-05-15,alex.brown,Senior QA Engineer,Q005,Cross-functionality,4.0,4
454,2024-05-15,alex.brown,Senior QA Engineer,Q006,Psychological Safety,5.1,4
455,2024-05-15,alex.brown,Senior QA Engineer,Q007,Sprint Goals,3.7,4
456,2024-05-15,alex.brown,Senior QA Engineer,Q008,Work Quality,3.0,4
457,2024-05-15,jordan.davis,Junior QA Engineer,Q001,Estimation,3.9,4
458,2024-05-15,jordan.davis,Junior QA Engineer,Q002,Refinement,4.5,4
459,2024-05-15,jordan.davis,Junior QA Engineer,Q003,Dark Work,35.1,4
460,2024-05-15,jordan.davis,Junior QA Engineer,Q004,Dependencies,4.5,4
461,2024-05-15,jordan.davis,Junior QA Engineer,Q005,Cross-functionality,4.3,4
462,2024-05-15,jordan.davis,Junior QA Engineer,Q006,Psychological Safety,4.9,4
463,2024-05-15,jordan.davis,Junior QA Engineer,Q007,Sprint Goals,3.7,4
464,2024-05-15,jordan.davis,Junior QA Engineer,Q008,Work Quality,3.2,4
465,2024-05-15,sam.miller,UX Designer,Q001,Estimation,3.9,4
466,2024-05-15,sam.miller,UX Designer,Q002,Refinement,4.3,4
467,2024-05-15,sam.miller,UX Designer,Q003,Dark Work,37.7,4
468,2024-05-15,sam.miller,UX Designer,Q004,Dependencies,4.5,4
469,2024-05-15,sam.miller,UX Designer,Q005,Cross-functionality,4.4,4
470,2024-05-15,sam.miller,UX Designer,Q006,Psychological Safety,4.8,4
471,2024-05-15,sam.miller,UX Designer,Q007,Sprint Goals,3.6,4
472,2024-05-15,sam.miller,UX Designer,Q008,Work Quality,3.5,4
473,2024-05-15,sarah.johnson,Product Owner,Q001,Estimation,3.8,4
474,2024-05-15,sarah.johnson,Product Owner,Q002,Refinement,4.3,4
475,2024-05-15,sarah.johnson,Product Owner,Q003,Dark Work,34.9,4
476,2024-05-15,sarah.johnson,Product Owner,Q004,Dependencies,4.5,4
477,2024-05-15,sarah.johnson,Product Owner,Q005,Cross-functionality,4.3,4
478,2024-05-15,sarah.johnson,Product Owner,Q006,Psychological Safety,4.8,4
479,2024-05-15,sarah.johnson,Product Owner,Q007,Sprint Goals,3.6,4
480,2024-05-15,sarah.johnson,Product Owner,Q008,Work Quality,3.6,4
481,2024-06-15,mark.smith,Senior Architect,Q001,Estimation,2.1,5
482,2024-06-15,mark.smith,Senior Architect,Q002,Refinement,3.7,5
483,2024-06-15,mark.smith,Senior Architect,Q003,Dark Work,41.6,5
484,2024-06-15,mark.smith,Senior Architect,Q004,Dependencies,3.2,5
485,2024-06-15,mark.smith,Senior Architect,Q005,Cross-functionality,3.4,5
486,2024-06-15,mark.smith,Senior Architect,Q006,Psychological Safety,4.2,5
487,2024-06-15,mark.smith,Senior Architect,Q007,Sprint Goals,2.4,5
488,2024-06-15,mark.smith,Senior Architect,Q008,Work Quality,2.6,5
489,2024-06-15,emma.jones,Senior Full-stack,Q001,Estimation,2.8,5
490,2024-06-15,emma.jones,Senior Full-stack,Q002,Refinement,3.6,5
491,2024-06-15,emma.jones,Senior Full-stack,Q003,Dark Work,43.2,5
492,2024-06-15,emma.jones,Senior Full-stack,Q004,Dependencies,3.2,5
493,2024-06-15,emma.jones,Senior Full-stack,Q005,Cross-functionality,3.6,5
494,2024-06-15,emma.jones,Senior Full-stack,Q006,Psychological Safety,4.1,5
495,2024-06-15,emma.jones,Senior Full-stack,Q007,Sprint Goals,2.3,5
496,2024-06-15,emma.jones,Senior Full-stack,Q008,Work Quality,2.6,5
497,2024-06-15,lisa.chen,Junior Frontend,Q001,Estimation,2.4,5
498,2024-06-15,lisa.chen,Junior Frontend,Q002,Refinement,3.6,5
499,2024-06-15,lisa.chen,Junior Frontend,Q003,Dark Work,43.3,5
500,2024-06-15,lisa.chen,Junior Frontend,Q004,Dependencies,3.6,5
501,2024-06-15,lisa.chen,Junior Frontend,Q005,Cross-functionality,3.7,5
502,2024-06-15,lisa.chen,Junior Frontend,Q006,Psychological Safety,3.9,5
503,2024-06-15,lisa.chen,Junior Frontend,Q007,Sprint Goals,2.3,5
504,2024-06-15,lisa.chen,Junior Frontend,Q008,Work Quality,2.3,5
505,2024-06-15,david.kumar,Backend Developer,Q001,Estimation,2.3,5
506,2024-06-15,david.kumar,Backend Developer,Q002,Refinement,3.8,5
507,2024-06-15,david.kumar,Backend Developer,Q003,Dark Work,42.9,5
508,2024-06-15,david.kumar,Backend Developer,Q004,Dependencies,3.5,5
509,2024-06-15,david.kumar,Backend Developer,Q005,Cross-functionality,3.7,5
510,2024-06-15,david.kumar,Backend Developer,Q006,Psychological Safety,4.1,5
511,2024-06-15,david.kumar,Backend Developer,Q007,Sprint Goals,2.4,5
512,2024-06-15,david.kumar,Backend Developer,Q008,Work Quality,2.3,5
513,2024-06-15,rachel.wilson,DevOps Engineer,Q001,Estimation,2.3,5
514,2024-06-15,rachel.wilson,DevOps Engineer,Q002,Refinement,3.5,5
515,2024-06-15,rachel.wilson,DevOps Engineer,Q003,Dark Work,40.4,5
516,2024-06-15,rachel.wilson,DevOps Engineer,Q004,Dependencies,3.7,5
517,2024-06-15,rachel.wilson,DevOps Engineer,Q005,Cross-functionality,3.3,5
518,2024-06-15,rachel.wilson,DevOps Engineer,Q006,Psychological Safety,3.9,5
519,2024-06-15,rachel.wilson,DevOps Engineer,Q007,Sprint Goals,2.6,5
520,2024-06-15,rachel.wilson,DevOps Engineer,Q008,Work Quality,2.7,5
521,2024-06-15,tom.garcia,Frontend Developer,Q001,Estimation,2.3,5
522,2024-06-15,tom.garcia,Frontend Developer,Q002,Refinement,3.4,5
523,2024-06-15,tom.garcia,Frontend Developer,Q003,Dark Work,41.9,5
524,2024-06-15,tom.garcia,Frontend Developer,Q004,Dependencies,3.7,5
525,2024-06-15,tom.garcia,Frontend Developer,Q005,Cross-functionality,3.8,5
526,2024-06-15,tom.garcia,Frontend Developer,Q006,Psychological Safety,4.1,5
527,2024-06-15,tom.garcia,Frontend Developer,Q007,Sprint Goals,2.3,5
528,2024-06-15,tom.garcia,Frontend Developer,Q008,Work Quality,2.3,5
529,2024-06-15,ana.lopez,Backend Developer,Q001,Estimation,2.2,5
530,2024-06-15,ana.lopez,Backend Developer,Q002,Refinement,3.6,5
531,2024-06-15,ana.lopez,Backend Developer,Q003,Dark Work,40.1,5
532,2024-06-15,ana.lopez,Backend Developer,Q004,Dependencies,3.6,5
533,2024-06-15,ana.lopez,Backend Developer,Q005,Cross-functionality,3.7,5
534,2024-06-15,ana.lopez,Backend Developer,Q006,Psychological Safety,3.9,5
535,2024-06-15,ana.lopez,Backend Developer,Q007,Sprint Goals,2.3,5
536,2024-06-15,ana.lopez,Backend Developer,Q008,Work Quality,2.7,5
537,2024-06-15,james.taylor,Full-stack Developer,Q001,Estimation,2.6,5
538,2024-06-15,james.taylor,Full-stack Developer,Q002,Refinement,3.5,5
539,2024-06-15,james.taylor,Full-stack Developer,Q003,Dark Work,41.2,5
540,2024-06-15,james.taylor,Full-stack Developer,Q004,Dependencies,3.8,5
541,2024-06-15,james.taylor,Full-stack Developer,Q005,Cross-functionality,3.2,5
542,2024-06-15,james.taylor,Full-stack Developer,Q006,Psychological Safety,4.0,5
543,2024-06-15,james.taylor,Full-stack Developer,Q007,Sprint Goals,2.6,5
544,2024-06-15,james.taylor,Full-stack Developer,Q008,Work Quality,2.7,5
545,2024-06-15,alex.brown,Senior QA Engineer,Q001,Estimation,2.6,5
546,2024-06-15,alex.brown,Senior QA Engineer,Q002,Refinement,3.4,5
547,2024-06-15,alex.brown,Senior QA Engineer,Q003,Dark Work,41.4,5
548,2024-06-15,alex.brown,Senior QA Engineer,Q004,Dependencies,3.5,5
549,2024-06-15,alex.brown,Senior QA Engineer,Q005,Cross-functionality,3.3,5
550,2024-06-15,alex.brown,Senior QA Engineer,Q006,Psychological Safety,4.0,5
551,2024-06-15,alex.brown,Senior QA Engineer,Q007,Sprint Goals,2.3,5
552,2024-06-15,alex.brown,Senior QA Engineer,Q008,Work Quality,2.0,5
553,2024-06-15,jordan.davis,Junior QA Engineer,Q001,Estimation,2.2,5
554,2024-06-15,jordan.davis,Junior QA Engineer,Q002,Refinement,3.3,5
555,2024-06-15,jordan.davis,Junior QA Engineer,Q003,Dark Work,43.6,5
556,2024-06-15,jordan.davis,Junior QA Engineer,Q004,Dependencies,3.6,5
557,2024-06-15,jordan.davis,Junior QA Engineer,Q005,Cross-functionality,3.6,5
558,2024-06-15,jordan.davis,Junior QA Engineer,Q006,Psychological Safety,4.2,5
559,2024-06-15,jordan.davis,Junior QA Engineer,Q007,Sprint Goals,2.8,5
560,2024-06-15,jordan.davis,Junior QA Engineer,Q008,Work Quality,1.8,5
561,2024-06-15,sam.miller,UX Designer,Q001,Estimation,2.6,5
562,2024-06-15,sam.miller,UX Designer,Q002,Refinement,3.4,5
563,2024-06-15,sam.miller,UX Designer,Q003,Dark Work,43.4,5
564,2024-06-15,sam.miller,UX Designer,Q004,Dependencies,3.6,5
565,2024-06-15,sam.miller,UX Designer,Q005,Cross-functionality,3.4,5
566,2024-06-15,sam.miller,UX Designer,Q006,Psychological Safety,4.1,5
567,2024-06-15,sam.miller,UX Designer,Q007,Sprint Goals,2.5,5
568,2024-06-15,sam.miller,UX Designer,Q008,Work Quality,2.8,5
569,2024-06-15,sarah.johnson,Product Owner,Q001,Estimation,2.3,5
570,2024-06-15,sarah.johnson,Product Owner,Q002,Refinement,3.4,5
571,2024-06-15,sarah.johnson,Product Owner,Q003,Dark Work,40.7,5
572,2024-06-15,sarah.johnson,Product Owner,Q004,Dependencies,3.5,5
573,2024-06-15,sarah.johnson,Product Owner,Q005,Cross-functionality,3.6,5
574,2024-06-15,sarah.johnson,Product Owner,Q006,Psychological Safety,4.1,5
575,2024-06-15,sarah.johnson,Product Owner,Q007,Sprint Goals,2.6,5
576,2024-06-15,sarah.johnson,Product Owner,Q008,Work Quality,2.5,5
